Timestamp,Feature_1,Feature_2,Feature_3,Feature_4,Feature_5,Feature_6,Feature_7,Feature_8,Feature_9,Feature_10,Feature_11,Feature_12,Feature_13,Feature_14,Feature_15,Feature_16,Feature_17,Feature_18,Feature_19,Feature_20,Feature_21,Feature_22,Feature_23,Feature_24,Feature_25,Feature_26,Feature_27,Feature_28,Feature_29,Feature_30,Feature_31,Feature_32,Feature_33,Feature_34,Feature_35,Feature_36,Feature_37,Feature_38,Feature_39,Feature_40,Feature_41,Feature_42,Feature_43,Feature_44,Feature_45,Feature_46,Feature_47,Feature_48,Feature_49,Feature_50,Feature_51,Feature_52,Feature_53,Feature_54,Feature_55,Feature_56,Feature_57,Feature_58,Feature_59,Feature_60,Feature_61,Feature_62,Feature_63,Feature_64,Feature_65,Feature_66,Feature_67,Feature_68,Feature_69,Feature_70,Feature_71,Feature_72,Feature_73,Exercise_Type,Label
2025-04-08 09:53:58,12.1665,0.0000,12.1665,12.1665,0.0000,12.1665,148.0238,0.0000,-0.9676,0.0034,-0.9727,-0.9619,0.0107,0.9676,0.9362,0.0000,-0.2405,0.0097,-0.2554,-0.2266,0.0288,0.2407,0.0579,0.0000,10.5509,0.7511,9.3384,12.2681,2.9297,10.5776,111.8866,0.0000,-1.4771,3.2233,-10.6201,3.2349,13.8550,3.5456,12.5714,5.0000,0.0366,0.9099,-1.5869,1.3428,2.9297,0.9106,0.8292,6.0000,0.0377,0.1854,-0.5658,0.2307,0.7965,0.1892,0.0358,6.0000,-71.2368,0.2890,-71.6583,-70.6311,1.0272,71.2374,5074.7675,0.0000,75.2834,0.2670,74.8444,75.6573,0.8130,75.2839,5667.6687,0.0000,13.3746,bicep_curl,0
2025-04-08 09:54:05,12.1665,0.0000,12.1665,12.1665,0.0000,12.1665,148.0238,0.0000,-0.9576,0.0047,-0.9673,-0.9502,0.0171,0.9576,0.9169,0.0000,-0.2798,0.0149,-0.3003,-0.2549,0.0454,0.2802,0.0785,0.0000,11.3566,0.7282,9.9487,12.5732,2.6245,11.3799,129.5028,0.0000,0.9237,3.9651,-3.4180,14.7705,18.1885,4.0713,16.5753,8.0000,0.4476,1.1216,-0.9155,3.2959,4.2114,1.2076,1.4583,1.0000,-0.0685,0.1538,-0.3845,0.1263,0.5109,0.1683,0.0283,7.0000,-72.9049,0.3369,-73.5205,-72.1747,1.3458,72.9057,5315.2390,0.0000,73.5223,0.6776,72.7075,74.3994,1.6919,73.5255,5405.9935,0.0000,13.4039,bicep_curl,0
2025-04-08 09:54:11,12.1665,0.0000,12.1665,12.1665,0.0000,12.1665,148.0238,0.0000,-0.9511,0.0032,-0.9575,-0.9458,0.0117,0.9511,0.9046,0.0000,-0.3014,0.0066,-0.3193,-0.2925,0.0269,0.3015,0.0909,0.0000,12.4797,0.4958,11.7188,13.3057,1.5869,12.4895,155.9876,0.0000,-0.7446,1.5136,-3.4790,1.7090,5.1880,1.6868,2.8454,5.0000,0.3499,0.6457,-1.2207,1.4648,2.6855,0.7345,0.5394,4.0000,-0.0015,0.0928,-0.1318,0.2472,0.3790,0.0928,0.0086,7.0000,-72.4735,0.5382,-73.0151,-71.4825,1.5326,72.4755,5252.6994,0.0000,72.3256,0.1515,72.0538,72.5537,0.4999,72.3257,5231.0098,0.0000,13.4190,bicep_curl,0
2025-04-08 09:54:17,12.1665,0.0000,12.1665,12.1665,0.0000,12.1665,148.0238,0.0000,-0.9491,0.0024,-0.9556,-0.9458,0.0098,0.9491,0.9008,0.0000,-0.3047,0.0044,-0.3101,-0.2964,0.0137,0.3048,0.0929,0.0000,11.6740,0.3739,10.9253,12.4512,1.5259,11.6800,136.4219,0.0000,0.0244,0.6663,-1.0376,1.2817,2.3193,0.6667,0.4446,4.0000,0.2563,0.4236,-0.6714,0.9766,1.6479,0.4951,0.2451,3.0000,0.0132,0.0740,-0.2142,0.1154,0.3296,0.0751,0.0056,7.0000,-74.0292,0.0930,-74.1742,-73.8116,0.3625,74.0292,5480.3274,0.0000,72.0425,0.0823,71.8561,72.1692,0.3131,72.0425,5190.1258,0.0000,13.4203,bicep_curl,0
2025-04-08 09:54:23,12.1665,0.0000,12.1665,12.1665,0.0000,12.1665,148.0238,0.0000,-0.9684,0.0146,-0.9902,-0.9414,0.0488,0.9685,0.9379,0.0000,-0.2465,0.0492,-0.3291,-0.1685,0.1606,0.2513,0.0632,0.0000,12.7808,2.8577,5.4321,19.1650,13.7329,13.0963,171.5141,0.0000,4.0527,8.2591,-8.0566,22.0947,30.1514,9.1998,84.6366,8.0000,1.2655,2.3302,-2.9297,7.4463,10.3760,2.6516,7.0311,5.0000,0.4893,0.4660,-0.0330,1.5546,1.5875,0.6757,0.4565,3.0000,-67.5220,4.5523,-74.2017,-60.8258,13.3759,67.6753,4579.9404,0.0000,74.8367,2.3701,71.8726,78.3765,6.5039,74.8742,5606.1443,0.0000,13.3813,bicep_curl,0
2025-04-08 09:54:29,12.1665,0.0000,12.1665,12.1665,0.0000,12.1665,148.0238,0.0000,-0.9733,0.0023,-0.9775,-0.9688,0.0088,0.9733,0.9473,0.0000,-0.2202,0.0056,-0.2275,-0.2114,0.0161,0.2203,0.0485,0.0000,11.8123,0.3565,11.2915,12.5122,1.2207,11.8177,139.6584,0.0000,0.3784,1.4465,-1.4648,2.7466,4.2114,1.4951,2.2354,7.0000,0.2686,0.4742,-0.5493,1.4038,1.9531,0.5450,0.2970,4.0000,0.0114,0.0898,-0.1813,0.1154,0.2966,0.0905,0.0082,6.0000,-67.8263,0.1670,-68.2416,-67.6154,0.6262,67.8265,4600.4341,0.0000,76.8453,0.1052,76.6351,77.0691,0.4340,76.8454,5905.2169,0.0000,13.3600,bicep_curl,0
2025-04-08 09:54:34,12.1665,0.0000,12.1665,12.1665,0.0000,12.1665,148.0238,0.0000,-0.9688,0.0026,-0.9746,-0.9648,0.0098,0.9689,0.9387,0.0000,-0.2350,0.0069,-0.2471,-0.2246,0.0225,0.2351,0.0553,0.0000,12.0321,0.5862,10.5591,13.3667,2.8076,12.0463,145.1142,0.0000,0.2848,1.3190,-1.4648,3.5400,5.0049,1.3494,1.8209,4.0000,0.4883,0.5669,-0.6714,1.4038,2.0752,0.7482,0.5598,4.0000,0.0450,0.0712,-0.0549,0.1978,0.2527,0.0843,0.0071,7.0000,-68.6184,0.2163,-69.0381,-68.3569,0.6812,68.6187,4708.5327,0.0000,75.5629,0.0672,75.4596,75.7013,0.2417,75.5629,5709.7513,0.0000,13.3703,bicep_curl,0
2025-04-08 09:54:40,12.1665,0.0000,12.1665,12.1665,0.0000,12.1665,148.0238,0.0000,-0.9662,0.0030,-0.9712,-0.9614,0.0098,0.9662,0.9336,0.0000,-0.2436,0.0094,-0.2578,-0.2271,0.0308,0.2438,0.0594,0.0000,12.4471,0.5075,11.5356,13.3057,1.7700,12.4574,155.1879,0.0000,0.0244,0.8825,-1.4648,1.8311,3.2959,0.8828,0.7793,6.0000,0.2645,0.3500,-0.3052,0.9766,1.2817,0.4387,0.1925,4.0000,-0.0077,0.0620,-0.1868,0.0604,0.2472,0.0625,0.0039,9.0000,-69.1875,0.2121,-69.5435,-68.8678,0.6757,69.1878,4786.9552,0.0000,75.2684,0.1819,74.9158,75.4596,0.5438,75.2687,5665.3700,0.0000,13.3763,bicep_curl,0
2025-04-08 09:54:45,12.1665,0.0000,12.1665,12.1665,0.0000,12.1665,148.0238,0.0000,-0.9631,0.0034,-0.9688,-0.9580,0.0107,0.9631,0.9275,0.0000,-0.2573,0.0070,-0.2690,-0.2451,0.0239,0.2574,0.0662,0.0000,12.3250,0.4477,11.4746,12.9395,1.4648,12.3332,152.1068,0.0000,0.1221,1.0491,-1.8921,1.7700,3.6621,1.0562,1.1156,9.0000,0.3988,0.3866,-0.6714,0.9155,1.5869,0.5554,0.3085,1.0000,-0.0168,0.0586,-0.1263,0.0769,0.2032,0.0610,0.0037,8.0000,-70.1279,0.1051,-70.3839,-69.9884,0.3955,70.1280,4917.9376,0.0000,74.5891,0.1557,74.3005,74.8224,0.5219,74.5893,5563.5598,0.0000,13.3868,bicep_curl,0
2025-04-08 09:54:57,12.1665,0.0000,12.1665,12.1665,0.0000,12.1665,148.0238,0.0000,-0.9814,0.0095,-1.0020,-0.9673,0.0347,0.9815,0.9633,0.0000,-0.1856,0.0131,-0.2056,-0.1646,0.0410,0.1861,0.0346,0.0000,12.5081,1.1637,10.6201,15.1367,4.5166,12.5622,157.8078,0.0000,-0.3296,2.2739,-3.7842,3.7842,7.5684,2.2977,5.2792,5.0000,0.6958,1.8538,-1.5869,3.7842,5.3711,1.9801,3.9207,3.0000,-0.0568,0.1815,-0.2966,0.3735,0.6702,0.1902,0.0362,1.0000,-63.2454,1.8961,-65.3027,-59.7766,5.5261,63.2738,4003.5709,0.0000,78.2413,0.6244,77.2559,79.1290,1.8732,78.2438,6122.0961,0.0000,13.3336,bicep_curl,0
2025-04-08 09:55:03,12.1665,0.0000,12.1665,12.1665,0.0000,12.1665,148.0238,0.0000,-0.6456,0.3748,-0.9912,-0.0322,0.9590,0.7465,0.5573,0.0000,-0.5039,0.2653,-0.8599,-0.1523,0.7075,0.5694,0.3243,0.0000,32.8410,14.2643,11.9019,50.2930,38.3911,35.8050,1282.0008,0.0000,-0.4313,10.3500,-18.7988,26.2451,45.0439,10.3590,107.3082,5.0000,16.2313,19.5306,-22.0337,49.9878,72.0215,25.3949,644.9002,2.0000,3.8232,5.0638,-7.9980,11.2280,19.2261,6.3450,40.2596,2.0000,-60.8727,5.0317,-66.7255,-52.1576,14.5679,61.0803,3730.8013,0.0000,48.2465,28.4496,6.8005,80.5243,73.7238,56.0098,3137.1021,0.0000,13.3160,bicep_curl,0
2025-04-08 09:55:08,12.1665,0.0000,12.1665,12.1665,0.0000,12.1665,148.0238,0.0000,-0.7583,0.3419,-0.9951,-0.0376,0.9575,0.8318,0.6919,0.0000,-0.3971,0.2502,-0.7905,-0.0918,0.6987,0.4694,0.2203,0.0000,23.7915,14.2423,8.6060,47.6685,39.0625,27.7287,768.8788,0.0000,-3.5970,14.9294,-46.2036,19.5312,65.7349,15.3567,235.8268,7.0000,17.3950,17.4469,0.1831,53.4058,53.2227,24.6370,606.9812,0.0000,4.7065,4.3620,-0.3406,11.3214,11.6620,6.4171,41.1788,1.0000,-64.0759,2.3466,-67.0386,-59.4415,7.5970,64.1189,4111.2310,0.0000,56.8546,26.4954,4.1199,79.6069,75.4871,62.7252,3934.4558,0.0000,13.3219,bicep_curl,0
2025-04-08 09:55:13,12.1665,0.0000,12.1665,12.1665,0.0000,12.1665,148.0238,0.0000,-0.8348,0.2426,-1.0117,-0.2207,0.7910,0.8693,0.7558,0.0000,-0.4121,0.3058,-0.9058,-0.1035,0.8022,0.5131,0.2633,0.0000,20.9147,11.6381,8.3618,44.4336,36.0718,23.9347,572.8717,0.0000,-8.8623,10.5740,-32.1655,3.5400,35.7056,13.7967,190.3499,6.0000,11.9670,10.1348,-2.6245,29.1138,31.7383,15.6819,245.9221,1.0000,4.3733,3.8351,-0.3625,9.6735,10.0360,5.8167,33.8340,1.0000,-61.6377,6.6370,-68.9008,-50.3778,18.5229,61.9940,3843.2553,0.0000,63.1044,22.1795,15.1117,81.7053,66.5936,66.8887,4474.0931,0.0000,13.4134,bicep_curl,0
2025-04-08 09:55:19,12.1665,0.0000,12.1665,12.1665,0.0000,12.1665,148.0238,0.0000,-0.8105,0.2839,-1.0073,-0.1167,0.8906,0.8588,0.7376,0.0000,-0.3986,0.2709,-0.8091,-0.1152,0.6938,0.4820,0.2323,0.0000,21.9889,14.4280,6.6528,45.2881,38.6353,26.2998,691.6816,0.0000,-3.3162,17.2397,-39.4287,27.8320,67.2607,17.5558,308.2064,6.0000,15.8813,15.3233,-0.9766,46.1426,47.1191,22.0685,487.0199,1.0000,4.4385,4.0888,-0.1208,11.8652,11.9861,6.0348,36.4186,3.0000,-65.7220,1.1160,-67.6648,-64.2096,3.4552,65.7315,4320.6328,0.0000,61.3671,23.4623,10.9259,80.2936,69.3677,65.6993,4316.3979,0.0000,13.3757,bicep_curl,0
2025-04-08 09:55:23,12.1665,0.0000,12.1665,12.1665,0.0000,12.1665,148.0238,0.0000,-0.8806,0.1859,-1.0024,-0.3984,0.6040,0.9000,0.8101,0.0000,-0.3608,0.2994,-0.9683,-0.0522,0.9160,0.4688,0.2198,0.0000,18.9128,11.2169,8.0566,44.3726,36.3159,21.9889,483.5104,0.0000,-2.7588,13.9431,-33.1421,23.6816,56.8237,14.2134,202.0200,6.0000,11.2223,10.0486,-1.8311,25.8789,27.7100,15.0637,226.9159,1.0000,3.7240,3.6941,-0.3955,9.3823,9.7778,5.2454,27.5144,1.0000,-62.9542,5.3361,-70.3949,-54.9536,15.4413,63.1800,3991.7082,0.0000,67.4722,18.9844,26.0706,82.3590,56.2885,70.0921,4912.9023,0.0000,13.4079,bicep_curl,0
2025-04-08 09:55:28,12.1665,0.0000,12.1665,12.1665,0.0000,12.1665,148.0238,0.0000,-0.8848,0.1715,-0.9927,-0.4004,0.5923,0.9013,0.8124,0.0000,-0.3419,0.2172,-0.7231,-0.1240,0.5991,0.4050,0.1641,0.0000,18.6849,11.3363,8.1177,41.5039,33.3862,21.8549,477.6364,0.0000,-3.9388,8.8244,-24.6582,7.5073,32.1655,9.6635,93.3836,5.0000,13.4155,12.8558,-0.9766,34.7290,35.7056,18.5809,345.2487,1.0000,3.5658,3.5228,-0.5164,9.0912,9.6075,5.0125,25.1248,1.0000,-66.0817,1.2018,-67.7747,-64.4128,3.3618,66.0926,4368.2309,0.0000,66.1373,17.5992,25.4883,80.7660,55.2777,68.4389,4683.8784,0.0000,13.3932,bicep_curl,0
2025-04-08 09:55:33,12.1665,0.0000,12.1665,12.1665,0.0000,12.1665,148.0238,0.0000,-0.8416,0.2278,-0.9971,-0.2705,0.7266,0.8719,0.7601,0.0000,-0.3843,0.2394,-0.7568,-0.1138,0.6431,0.4528,0.2050,0.0000,21.7773,13.7960,7.3853,46.6309,39.2456,25.7795,664.5819,0.0000,-4.9520,8.7547,-21.6064,6.7749,28.3813,10.0582,101.1667,5.0000,13.0249,12.1133,-2.7466,29.4189,32.1655,17.7871,316.3802,3.0000,3.9441,3.5121,-0.0659,8.5254,8.5913,5.2811,27.8904,1.0000,-65.2892,1.0778,-67.2308,-62.9846,4.2462,65.2981,4263.8394,0.0000,62.7898,20.1737,19.2261,79.5026,60.2765,65.9510,4349.5360,0.0000,13.3924,bicep_curl,0
2025-04-08 09:55:38,12.1665,0.0000,12.1665,12.1665,0.0000,12.1665,148.0238,0.0000,-0.8222,0.2690,-1.0000,-0.1382,0.8618,0.8651,0.7484,0.0000,-0.3804,0.2748,-0.8647,-0.1123,0.7524,0.4693,0.2202,0.0000,22.2046,14.8734,8.1787,49.8047,41.6260,26.7257,714.2631,0.0000,-6.6325,13.7669,-40.8936,18.7378,59.6313,15.2812,233.5166,7.0000,16.7440,14.4567,-0.9766,38.8184,39.7949,22.1214,489.3574,2.0000,4.3634,3.9984,-0.5658,9.1571,9.7229,5.9183,35.0265,1.0000,-62.7092,3.5085,-67.0605,-56.4697,10.5908,62.8073,3944.7570,0.0000,62.4756,22.7926,13.8483,81.3153,67.4670,66.5034,4422.7012,0.0000,13.3691,bicep_curl,0
2025-04-08 09:55:43,12.1665,0.0000,12.1665,12.1665,0.0000,12.1665,148.0238,0.0000,-0.6025,0.4402,-0.9966,0.2324,1.2290,0.7462,0.5568,1.0000,-0.5883,0.3244,-1.0757,-0.1201,0.9556,0.6719,0.4514,0.0000,29.4271,15.7212,9.9487,50.5371,40.5884,33.3633,1113.1078,0.0000,5.1799,14.1858,-14.6484,34.8511,49.4995,15.1019,228.0675,4.0000,16.6545,10.1997,2.6855,37.7808,35.0952,19.5296,381.4044,0.0000,5.6968,3.5638,0.8569,10.9149,10.0580,6.7197,45.1543,0.0000,-67.4517,0.5964,-68.5052,-66.5662,1.9391,67.4543,4550.0822,0.0000,44.7975,31.3493,-8.8275,79.8541,88.6816,54.6772,2989.5911,1.0000,13.4145,bicep_curl,0
2025-04-08 09:55:55,12.1665,0.0000,12.1665,12.1665,0.0000,12.1665,148.0238,0.0000,-0.7644,0.3176,-1.0122,-0.0791,0.9331,0.8277,0.6852,0.0000,-0.4304,0.2926,-0.9092,-0.1064,0.8027,0.5204,0.2709,0.0000,24.5565,14.9788,5.7983,47.4243,41.6260,28.7643,827.3842,0.0000,3.7516,12.9460,-26.6724,23.5596,50.2319,13.4786,181.6730,6.0000,13.9445,15.0353,-1.8311,46.3257,48.1567,20.5064,420.5105,3.0000,4.4070,4.4172,-0.7965,11.1676,11.9641,6.2396,38.9331,1.0000,-63.8474,3.4085,-68.2416,-56.8707,11.3708,63.9383,4088.1102,0.0000,58.3934,26.3630,10.0140,81.8536,71.8396,64.0687,4104.8009,0.0000,13.3613,bicep_curl,0
2025-04-08 09:56:01,12.1665,0.0000,12.1665,12.1665,0.0000,12.1665,148.0238,0.0000,-0.6073,0.5600,-0.9922,0.7085,1.7007,0.8261,0.6824,1.0000,-0.4546,0.2840,-0.9536,-0.0762,0.8774,0.5360,0.2873,0.0000,29.8258,18.8262,6.4697,55.4810,49.0112,35.2705,1244.0066,0.0000,5.7780,30.8322,-51.3916,65.1245,116.5161,31.3689,984.0096,5.0000,27.6408,25.9424,-1.2207,67.6270,68.8477,37.9081,1437.0215,2.0000,7.2850,6.7153,-1.4612,17.2485,18.7097,9.9079,98.1672,1.0000,-59.9967,2.8803,-64.6710,-55.6677,9.0033,60.0658,3607.9009,0.0000,46.0979,38.0352,-34.9585,78.2721,113.2306,59.7636,3571.6903,1.0000,13.4037,bicep_curl,1
2025-04-08 09:56:07,12.1665,0.0000,12.1665,12.1665,0.0000,12.1665,148.0238,0.0000,-0.1400,0.7503,-0.9951,0.8433,1.8384,0.7632,0.5825,1.0000,-0.5104,0.2167,-1.0249,-0.2314,0.7935,0.5545,0.3075,0.0000,38.8102,14.7517,11.7188,64.0869,52.3682,41.5192,1723.8448,0.0000,-6.3843,27.1869,-56.0913,46.7529,102.8442,27.9265,779.8878,6.0000,28.4627,28.7573,-8.0566,79.1016,87.1582,40.4612,1637.1094,3.0000,7.7834,5.8555,-1.6150,16.1993,17.8143,9.7401,94.8691,1.0000,-59.6935,2.7376,-63.8416,-55.6732,8.1683,59.7562,3570.8064,0.0000,10.9197,48.9900,-49.4604,78.4369,127.8973,50.1922,2519.2547,1.0000,13.3939,bicep_curl,1
2025-04-08 09:56:12,12.1665,0.0000,12.1665,12.1665,0.0000,12.1665,148.0238,0.0000,-0.6336,0.4954,-1.0020,0.5645,1.5664,0.8043,0.6469,1.0000,-0.5202,0.3683,-1.3125,-0.1079,1.2046,0.6373,0.4062,0.0000,29.4393,20.2452,5.5542,62.4390,56.8848,35.7287,1276.5390,0.0000,5.7902,22.2724,-11.6577,71.1670,82.8247,23.0127,529.5855,5.0000,17.5700,22.7623,-10.3760,61.5234,71.8994,28.7546,826.8267,5.0000,7.2733,7.3948,-0.6207,19.4513,20.0720,10.3723,107.5842,1.0000,-63.4197,2.0032,-67.4670,-60.2161,7.2510,63.4513,4026.0682,0.0000,48.8921,35.9936,-31.1462,76.5582,107.7045,60.7122,3685.9735,1.0000,13.4331,bicep_curl,1
2025-04-08 09:56:18,12.1665,0.0000,12.1665,12.1665,0.0000,12.1665,148.0238,0.0000,-0.2437,0.7197,-1.0127,0.8135,1.8262,0.7599,0.5774,1.0000,-0.5914,0.3288,-1.2544,-0.1982,1.0562,0.6767,0.4579,0.0000,35.1847,16.7784,5.7983,59.8145,54.0161,38.9805,1519.4816,0.0000,-1.2817,29.7028,-60.8521,52.3682,113.2202,29.7304,883.8964,4.0000,18.5262,15.4229,-3.7231,46.0815,49.8047,24.1057,581.0869,2.0000,8.1006,6.0073,-0.8569,17.0618,17.9187,10.0850,101.7068,2.0000,-63.6680,4.2520,-68.1097,-56.6235,11.4862,63.8098,4071.6899,0.0000,17.2365,47.8596,-48.4991,77.0032,125.5023,50.8688,2587.6380,1.0000,13.4659,bicep_curl,1
2025-04-08 09:56:23,12.1665,0.0000,12.1665,12.1665,0.0000,12.1665,148.0238,0.0000,-0.6786,0.9068,-3.0576,0.8179,3.8755,1.1326,1.2828,1.0000,-1.1553,2.5819,-10.7686,-0.1968,10.5718,2.8286,8.0009,0.0000,50.6551,85.7243,10.1318,366.6992,356.5674,99.5720,9914.5917,0.0000,-1.5869,41.3188,-71.9604,115.9668,187.9272,41.3493,1709.7652,4.0000,16.6748,22.6388,-26.7944,68.4204,95.2148,28.1169,790.5627,1.0000,7.6901,7.0767,-0.7141,19.7314,20.4456,10.4507,109.2168,1.0000,-64.0745,2.5180,-67.7087,-58.6670,9.0417,64.1239,4111.8771,0.0000,36.3966,43.7509,-44.7363,74.9158,119.6521,56.9109,3238.8562,1.0000,14.2721,bicep_curl,1
2025-04-08 09:56:28,12.1665,0.0000,12.1665,12.1665,0.0000,12.1665,148.0238,0.0000,-0.2922,0.7279,-1.0298,0.8091,1.8389,0.7843,0.6152,1.0000,-0.5201,0.2595,-1.1602,-0.1890,0.9712,0.5812,0.3378,0.0000,32.8939,14.4066,6.2256,54.6265,48.4009,35.9104,1289.5564,0.0000,11.8001,38.8980,-45.6543,98.6328,144.2871,40.6485,1652.2974,8.0000,17.3665,20.9144,-20.1416,44.3726,64.5142,27.1847,739.0067,3.0000,8.0808,6.3702,-1.5106,16.1499,17.6605,10.2897,105.8786,1.0000,-62.1746,3.9390,-68.6755,-55.4590,13.2166,62.2992,3881.1919,0.0000,23.0599,48.1699,-48.9880,77.7008,126.6888,53.4051,2852.1007,1.0000,13.4296,bicep_curl,1
2025-04-08 09:56:34,12.1665,0.0000,12.1665,12.1665,0.0000,12.1665,148.0238,0.0000,-0.3177,0.7154,-0.9922,0.9175,1.9097,0.7828,0.6128,1.0000,-0.4975,0.3084,-1.0581,-0.1738,0.8843,0.5854,0.3427,0.0000,35.4980,15.5552,9.9487,57.5562,47.6074,38.7566,1502.0758,0.0000,-14.9984,31.3709,-105.7739,34.2407,140.0146,34.7719,1209.0862,4.0000,25.1912,23.5621,-6.4087,56.5186,62.9272,34.4931,1189.7710,3.0000,7.8541,6.4300,-0.6592,16.6333,17.2925,10.1504,103.0316,2.0000,-61.8615,3.2286,-66.6815,-55.7062,10.9753,61.9456,3837.2629,0.0000,23.6982,47.7576,-49.4824,75.6244,125.1068,53.3141,2842.3979,1.0000,13.3983,bicep_curl,1
2025-04-08 09:56:40,12.1665,0.0000,12.1665,12.1665,0.0000,12.1665,148.0238,0.0000,-0.5312,0.6315,-1.0015,0.8032,1.8047,0.8253,0.6810,1.0000,-0.3644,0.2877,-0.9521,-0.0879,0.8643,0.4643,0.2156,0.0000,30.1839,17.0060,9.9487,62.4390,52.4902,34.6449,1200.2721,0.0000,5.7332,39.7464,-77.5757,78.3691,155.9448,40.1578,1612.6476,8.0000,28.7069,28.9372,-8.4229,72.5098,80.9326,40.7609,1661.4479,3.0000,8.0479,7.1837,-1.1206,18.7701,19.8907,10.7877,116.3735,1.0000,-57.7555,4.0830,-63.7921,-51.0864,12.7057,57.8996,3352.3677,0.0000,38.9637,43.9016,-48.3673,77.8271,126.1945,58.6986,3445.5273,1.0000,13.3086,bicep_curl,1
2025-04-08 09:56:45,12.1665,0.0000,12.1665,12.1665,0.0000,12.1665,148.0238,0.0000,-0.4256,0.6746,-0.9814,0.8154,1.7969,0.7976,0.6362,1.0000,-0.5426,0.3266,-1.2407,-0.1870,1.0537,0.6333,0.4011,0.0000,33.1706,15.8847,10.1929,61.3403,51.1475,36.7778,1352.6092,0.0000,0.0529,30.8419,-67.0166,68.9087,135.9253,30.8419,951.2233,7.0000,21.3420,27.4504,-20.5688,67.5049,88.0737,34.7707,1209.0050,2.0000,8.0892,6.7291,-0.6592,18.1769,18.8361,10.5222,110.7162,1.0000,-61.8329,3.8451,-66.5771,-52.3663,14.2108,61.9523,3838.0902,0.0000,31.0367,46.7658,-51.6248,75.8386,127.4634,56.1277,3150.3239,1.0000,13.4543,bicep_curl,1
2025-04-08 09:56:52,12.1665,0.0000,12.1665,12.1665,0.0000,12.1665,148.0238,0.0000,-0.5241,0.6251,-1.0063,0.7339,1.7402,0.8157,0.6654,1.0000,-0.4503,0.2296,-0.8706,-0.1880,0.6826,0.5054,0.2555,0.0000,33.0078,16.3677,13.1836,58.8379,45.6543,36.8431,1357.4158,0.0000,-4.5451,35.8247,-76.7212,65.3076,142.0288,36.1118,1304.0644,3.0000,27.8402,27.7155,-5.4932,73.0591,78.5522,39.2839,1543.2244,3.0000,7.7589,6.7519,-0.7471,18.2867,19.0338,10.2854,105.7893,1.0000,-57.8943,3.9294,-62.3694,-48.9880,13.3813,58.0275,3367.1887,0.0000,37.0902,42.5351,-47.2412,74.1083,121.3495,56.4351,3184.9177,1.0000,13.3844,bicep_curl,1
2025-04-08 09:56:57,12.1665,0.0000,12.1665,12.1665,0.0000,12.1665,148.0238,0.0000,-0.3329,0.6960,-1.0044,0.8433,1.8477,0.7715,0.5952,1.0000,-0.4852,0.2557,-1.0518,-0.0889,0.9629,0.5485,0.3008,0.0000,29.2074,14.2722,4.0283,51.2085,47.1802,32.5079,1056.7640,0.0000,22.3999,59.0288,-63.5376,163.7573,227.2949,63.1360,3986.1533,4.0000,14.5711,18.3219,-5.8594,51.8799,57.7393,23.4096,548.0083,4.0000,8.5737,7.7510,-0.6207,21.6760,22.2968,11.5580,133.5869,1.0000,-62.1394,5.2156,-67.9779,-49.1968,18.7811,62.3579,3888.5084,0.0000,28.4612,48.2330,-54.4647,74.8718,129.3365,56.0041,3136.4573,1.0000,13.3740,bicep_curl,1
2025-04-08 09:57:04,12.1665,0.0000,12.1665,12.1665,0.0000,12.1665,148.0238,0.0000,-0.5610,0.6045,-1.0127,0.7476,1.7603,0.8247,0.6801,1.0000,-0.5023,0.2993,-1.1846,-0.2002,0.9844,0.5847,0.3419,0.0000,29.6712,17.8975,11.1694,60.5469,49.3774,34.6512,1200.7033,0.0000,-8.7606,20.1534,-50.4761,34.8511,85.3271,21.9752,482.9076,3.0000,23.7345,26.1548,-1.4038,69.0918,70.4956,35.3186,1247.4008,2.0000,7.6293,7.5595,-1.2085,19.8303,21.0388,10.7402,115.3516,1.0000,-63.0853,4.7090,-69.5929,-52.7783,16.8146,63.2608,4001.9332,0.0000,39.2831,40.9123,-44.4781,73.1360,117.6141,56.7184,3216.9739,1.0000,13.4558,bicep_curl,1
2025-04-08 09:57:17,12.1665,0.0000,12.1665,12.1665,0.0000,12.1665,148.0238,0.0000,-0.4225,0.6140,-0.9937,0.7256,1.7192,0.7453,0.5555,1.0000,-0.5363,0.2892,-1.0884,-0.0781,1.0103,0.6093,0.3712,0.0000,32.5643,16.7598,4.9438,62.8052,57.8613,36.6241,1341.3228,0.0000,-2.3478,32.8504,-77.8809,80.9326,158.8135,32.9342,1084.6602,5.0000,18.5221,22.5793,-6.2256,70.0073,76.2329,29.2043,852.8938,2.0000,7.9219,6.7954,-0.7690,19.2810,20.0500,10.4371,108.9333,1.0000,-63.7705,3.3441,-67.4945,-55.6677,11.8268,63.8581,4077.8603,0.0000,32.4192,44.0852,-49.7241,74.8169,124.5410,54.7221,2994.5124,1.0000,13.3919,bicep_curl,1
2025-04-08 09:57:23,12.1665,0.0000,12.1665,12.1665,0.0000,12.1665,148.0238,0.0000,-0.0813,0.7516,-1.0054,0.8809,1.8862,0.7559,0.5715,1.0000,-0.5510,0.2089,-0.9087,-0.2935,0.6152,0.5893,0.3473,0.0000,41.9922,12.9455,10.8032,61.4624,50.6592,43.9423,1930.9297,0.0000,0.1872,22.9439,-37.8418,49.8657,87.7075,22.9447,526.4580,9.0000,23.1201,27.9592,-28.4424,74.4629,102.9053,36.2802,1316.2563,3.0000,7.8794,7.2595,-5.6525,18.1879,23.8403,10.7138,114.7851,2.0000,-57.2069,4.7971,-63.1384,-48.5321,14.6063,57.4077,3295.6427,0.0000,5.3115,50.1113,-53.5474,74.9158,128.4631,50.3920,2539.3557,1.0000,13.4337,bicep_curl,1
2025-04-08 09:57:29,12.1665,0.0000,12.1665,12.1665,0.0000,12.1665,148.0238,0.0000,-0.5118,0.6220,-1.0054,0.7534,1.7588,0.8055,0.6488,1.0000,-0.4586,0.2868,-0.9902,-0.1357,0.8545,0.5409,0.2925,0.0000,30.6071,16.1090,9.3384,57.6172,48.2788,34.5875,1196.2940,0.0000,-6.4128,40.9302,-87.7075,91.3696,179.0771,41.4295,1716.4027,7.0000,25.3499,27.0505,-8.6060,74.9512,83.5571,37.0722,1374.3475,4.0000,7.9482,6.9711,-1.0876,19.3854,20.4730,10.5722,111.7706,1.0000,-61.4487,3.3393,-66.5057,-53.8220,12.6837,61.5394,3787.0975,0.0000,36.3347,43.0097,-48.4882,74.7729,123.2611,56.3032,3170.0456,1.0000,13.3752,bicep_curl,1
2025-04-08 09:57:35,12.1665,0.0000,12.1665,12.1665,0.0000,12.1665,148.0238,0.0000,-0.4714,0.6189,-0.9756,0.7173,1.6929,0.7780,0.6053,1.0000,-0.4951,0.2623,-1.0791,-0.1670,0.9121,0.5603,0.3139,0.0000,31.6895,14.0886,10.4980,50.1099,39.6118,34.6801,1202.7090,0.0000,-20.3247,38.8571,-104.7974,20.2026,125.0000,43.8517,1922.9693,4.0000,23.6613,21.3319,-10.8643,55.9692,66.8335,31.8576,1014.9074,2.0000,8.0728,5.8575,-0.6317,16.7761,17.4078,9.9740,99.4799,1.0000,-62.4027,5.5024,-68.5712,-49.4385,19.1327,62.6448,3924.3743,0.0000,30.7562,44.0029,-50.2625,74.6851,124.9475,53.6861,2882.1999,1.0000,13.3948,bicep_curl,1
2025-04-08 09:57:41,12.1665,0.0000,12.1665,12.1665,0.0000,12.1665,148.0238,0.0000,-0.5953,0.6560,-1.6860,0.7163,2.4023,0.8858,0.7846,1.0000,-0.8342,1.2639,-5.4668,-0.2104,5.2563,1.5144,2.2934,0.0000,44.2505,47.9828,13.3667,215.0269,201.6602,65.2722,4260.4568,0.0000,0.9318,23.6163,-40.1001,51.8799,91.9800,23.6347,558.5996,5.0000,22.7376,20.3862,-2.2583,54.0771,56.3354,30.5385,932.5981,3.0000,7.6322,6.0926,-0.6317,16.1279,16.7596,9.7658,95.3707,1.0000,-61.6622,3.3966,-66.8353,-55.0745,11.7609,61.7557,3813.7676,0.0000,35.7085,41.2331,-44.9725,74.4598,119.4324,54.5460,2975.2638,1.0000,13.8057,bicep_curl,1
2025-04-08 09:57:55,12.1665,0.0000,12.1665,12.1665,0.0000,12.1665,148.0238,0.0000,-0.4768,0.6761,-1.0430,0.8203,1.8633,0.8273,0.6844,1.0000,-0.4551,0.2619,-1.1143,-0.1904,0.9238,0.5251,0.2757,0.0000,34.0495,15.7550,15.6860,54.0161,38.3301,37.5178,1407.5860,0.0000,-24.2472,38.8492,-121.5820,27.2217,148.8037,45.7951,2097.1922,6.0000,25.3662,28.8151,-3.8452,76.4160,80.2612,38.3895,1473.7571,2.0000,7.8040,7.3119,-0.6097,18.7866,19.3964,10.6942,114.3663,1.0000,-57.9309,3.0834,-61.8311,-50.4382,11.3928,58.0129,3365.4976,0.0000,34.0027,46.4440,-49.0155,75.4211,124.4366,57.5606,3313.2245,1.0000,13.4052,bicep_curl,1
2025-04-08 09:58:01,12.1665,0.0000,12.1665,12.1665,0.0000,12.1665,148.0238,0.0000,-0.5047,0.9086,-2.6465,0.8042,3.4507,1.0394,1.0803,1.0000,-0.6949,1.0795,-4.6782,-0.1846,4.4937,1.2838,1.6483,0.0000,45.0928,46.7776,13.7939,210.8765,197.0825,64.9731,4221.5005,0.0000,-11.3403,40.9311,-87.3413,74.5239,161.8652,42.4730,1803.9577,6.0000,23.4782,23.6361,-3.4180,68.7256,72.1436,33.3150,1109.8921,3.0000,8.1332,7.3277,-0.3900,19.2755,19.6655,10.9473,119.8432,1.0000,-59.7968,3.9726,-63.6328,-52.3883,11.2445,59.9286,3591.4328,0.0000,26.0208,48.0667,-51.9214,72.8613,124.7827,54.6579,2987.4861,1.0000,13.7480,bicep_curl,1
2025-04-08 09:58:13,12.1665,0.0000,12.1665,12.1665,0.0000,12.1665,148.0238,0.0000,-0.3112,0.7483,-0.9951,0.8818,1.8770,0.8104,0.6568,1.0000,-0.4547,0.2340,-0.9619,-0.1704,0.7915,0.5114,0.2615,0.0000,33.3008,18.1034,8.9722,67.3218,58.3496,37.9035,1436.6761,0.0000,-20.8415,30.2519,-74.0356,31.3110,105.3467,36.7361,1349.5415,2.0000,23.0347,28.4074,-13.3667,80.1392,93.5059,36.5729,1337.5747,4.0000,8.2844,7.5781,-0.9064,19.2206,20.1270,11.2276,126.0589,1.0000,-61.1726,7.9521,-68.8019,-45.0439,23.7579,61.6873,3805.3233,0.0000,19.5004,51.1489,-57.1838,72.2021,129.3860,54.7401,2996.4743,1.0000,13.3749,bicep_curl,1
2025-04-08 10:00:10,12.1665,0.0000,12.1665,12.1665,0.0000,12.1665,148.0238,0.0000,0.8424,0.0084,0.8301,0.8574,0.0273,0.8425,0.7097,0.0000,-0.4001,0.0142,-0.4287,-0.3789,0.0498,0.4004,0.1603,0.0000,47.2005,1.2406,44.4946,48.8892,4.3945,47.2168,2229.4283,0.0000,0.4720,2.9791,-6.4697,5.8594,12.3291,3.0162,9.0977,7.0000,-0.0203,2.7605,-5.0659,4.2114,9.2773,2.7606,7.6207,7.0000,0.0308,0.3077,-0.9229,0.3735,1.2964,0.3093,0.0957,7.0000,-46.7208,0.4244,-47.3456,-46.0162,1.3293,46.7228,2183.0156,0.0000,-55.3843,0.3077,-55.8490,-54.8602,0.9888,55.3851,3067.5128,0.0000,13.4090,tricep_pulldown,0
2025-04-08 10:00:16,12.1665,0.0000,12.1665,12.1665,0.0000,12.1665,148.0238,0.0000,0.8422,0.0045,0.8359,0.8550,0.0190,0.8422,0.7093,0.0000,-0.4106,0.0075,-0.4229,-0.3936,0.0293,0.4107,0.1687,0.0000,46.2402,0.5226,44.9829,47.3022,2.3193,46.2432,2138.4324,0.0000,0.2360,0.8700,-1.1597,2.0142,3.1738,0.9014,0.8126,5.0000,0.1912,0.5967,-0.7935,1.1597,1.9531,0.6266,0.3926,10.0000,0.0201,0.0716,-0.1538,0.0989,0.2527,0.0743,0.0055,6.0000,-47.2086,0.0842,-47.3346,-47.0490,0.2856,47.2087,2228.6607,0.0000,-56.0618,0.0726,-56.1786,-55.9094,0.2692,56.0618,3142.9271,0.0000,13.4193,tricep_pulldown,0
2025-04-08 10:00:21,12.1665,0.0000,12.1665,12.1665,0.0000,12.1665,148.0238,0.0000,0.8483,0.0049,0.8394,0.8540,0.0146,0.8483,0.7196,0.0000,-0.4047,0.0078,-0.4209,-0.3950,0.0259,0.4048,0.1638,0.0000,45.5851,0.8023,44.7388,47.7295,2.9907,45.5922,2078.6472,0.0000,0.7121,1.5181,-1.7700,4.0894,5.8594,1.6768,2.8116,9.0000,0.2035,0.6227,-0.7935,1.8311,2.6245,0.6551,0.4292,7.0000,0.0099,0.0753,-0.1154,0.1428,0.2582,0.0759,0.0058,9.0000,-47.1343,0.1094,-47.3950,-46.9885,0.4065,47.1344,2221.6521,0.0000,-56.5964,0.0536,-56.6620,-56.4807,0.1813,56.5965,3203.1594,0.0000,13.4195,tricep_pulldown,0
2025-04-08 10:00:26,12.1665,0.0000,12.1665,12.1665,0.0000,12.1665,148.0238,0.0000,0.8604,0.0056,0.8506,0.8682,0.0176,0.8605,0.7404,0.0000,-0.3739,0.0093,-0.3979,-0.3599,0.0381,0.3740,0.1399,0.0000,45.2840,0.6122,44.0674,46.9971,2.9297,45.2882,2051.0169,0.0000,0.2401,1.9217,-4.3945,2.8076,7.2021,1.9366,3.7504,3.0000,0.5330,1.1669,-1.1597,3.4180,4.5776,1.2829,1.6458,6.0000,0.0198,0.0909,-0.1154,0.2032,0.3186,0.0930,0.0086,6.0000,-45.3992,0.1031,-45.5878,-45.2362,0.3516,45.3993,2061.0953,0.0000,-57.9441,0.0787,-58.1067,-57.8046,0.3021,57.9441,3357.5240,0.0000,13.4008,tricep_pulldown,0
2025-04-08 10:00:31,12.1665,0.0000,12.1665,12.1665,0.0000,12.1665,148.0238,0.0000,0.8646,0.0047,0.8545,0.8716,0.0171,0.8646,0.7476,0.0000,-0.3688,0.0068,-0.3794,-0.3530,0.0264,0.3688,0.1360,0.0000,45.2596,0.4658,44.1895,45.8374,1.6479,45.2620,2048.6486,0.0000,0.6185,1.1031,-2.0142,2.2583,4.2725,1.2647,1.5994,7.0000,0.2563,0.3285,-0.3662,0.7935,1.1597,0.4167,0.1736,5.0000,0.0454,0.1158,-0.1373,0.3131,0.4504,0.1244,0.0155,6.0000,-44.8762,0.1060,-45.1318,-44.7253,0.4065,44.8763,2013.8864,0.0000,-58.3868,0.0513,-58.4692,-58.2825,0.1868,58.3869,3409.0258,0.0000,13.3999,tricep_pulldown,0
2025-04-08 10:00:36,12.1665,0.0000,12.1665,12.1665,0.0000,12.1665,148.0238,0.0000,0.8660,0.0038,0.8608,0.8735,0.0127,0.8660,0.7499,0.0000,-0.3662,0.0078,-0.3779,-0.3501,0.0278,0.3663,0.1342,0.0000,44.9015,0.3157,44.3115,45.5322,1.2207,44.9026,2016.2471,0.0000,0.8870,2.6833,-2.6855,8.3618,11.0474,2.8261,7.9870,9.0000,0.1058,0.5461,-0.7324,1.0986,1.8311,0.5563,0.3094,4.0000,0.0330,0.0562,-0.0879,0.0934,0.1813,0.0651,0.0042,4.0000,-44.8008,0.1271,-44.9945,-44.5221,0.4724,44.8010,2007.1262,0.0000,-58.6483,0.0235,-58.6835,-58.5901,0.0934,58.6483,3439.6255,0.0000,13.3987,tricep_pulldown,0
2025-04-08 10:00:41,12.1665,0.0000,12.1665,12.1665,0.0000,12.1665,148.0238,0.0000,0.8645,0.0046,0.8540,0.8716,0.0176,0.8645,0.7474,0.0000,-0.3635,0.0065,-0.3755,-0.3525,0.0229,0.3636,0.1322,0.0000,45.5037,0.4743,44.6167,46.3867,1.7700,45.5062,2070.8156,0.0000,0.1465,1.0329,-1.5259,2.1973,3.7231,1.0432,1.0883,5.0000,0.2563,0.5359,-0.9766,0.9766,1.9531,0.5941,0.3529,4.0000,0.0081,0.0765,-0.1703,0.1263,0.2966,0.0769,0.0059,8.0000,-44.3038,0.1035,-44.4617,-44.0222,0.4395,44.3040,1962.8403,0.0000,-58.5029,0.0773,-58.5901,-58.3429,0.2472,58.5030,3422.5988,0.0000,13.3946,tricep_pulldown,0
2025-04-08 10:00:46,12.1665,0.0000,12.1665,12.1665,0.0000,12.1665,148.0238,0.0000,0.8679,0.0045,0.8608,0.8770,0.0161,0.8679,0.7532,0.0000,-0.3659,0.0070,-0.3818,-0.3540,0.0278,0.3659,0.1339,0.0000,44.8975,0.4456,44.1895,45.5322,1.3428,44.8997,2015.9806,0.0000,0.1831,1.6110,-3.1738,2.8687,6.0425,1.6214,2.6288,9.0000,0.0651,0.6282,-0.9766,1.2817,2.2583,0.6315,0.3989,8.0000,0.0341,0.1166,-0.1648,0.2966,0.4614,0.1215,0.0148,8.0000,-44.7327,0.1145,-44.9176,-44.5441,0.3735,44.7328,2001.0245,0.0000,-58.7201,0.1081,-58.9252,-58.5406,0.3845,58.7202,3448.0610,0.0000,13.4002,tricep_pulldown,0
2025-04-08 10:00:51,12.1665,0.0000,12.1665,12.1665,0.0000,12.1665,148.0238,0.0000,0.8706,0.0044,0.8643,0.8789,0.0146,0.8706,0.7579,0.0000,-0.3632,0.0079,-0.3789,-0.3491,0.0298,0.3633,0.1320,0.0000,44.3197,0.7668,43.0908,45.4102,2.3193,44.3263,1964.8204,0.0000,-0.0814,1.5782,-2.6855,3.6011,6.2866,1.5803,2.4974,9.0000,0.0285,0.5815,-0.9766,1.2817,2.2583,0.5822,0.3390,6.0000,0.0227,0.0605,-0.0824,0.1758,0.2582,0.0646,0.0042,5.0000,-45.0026,0.2576,-45.5713,-44.6594,0.9119,45.0033,2025.2971,0.0000,-59.0339,0.1271,-59.2053,-58.8538,0.3516,59.0341,3485.0217,0.0000,13.4003,tricep_pulldown,0
2025-04-08 10:01:04,12.1665,0.0000,12.1665,12.1665,0.0000,12.1665,148.0238,0.0000,0.8379,0.0220,0.7974,0.8706,0.0732,0.8381,0.7025,0.0000,-0.3536,0.0299,-0.4033,-0.2842,0.1191,0.3549,0.1259,0.0000,54.1992,1.9784,50.9644,57.9224,6.9580,54.2353,2941.4694,0.0000,0.2848,4.5978,-6.0425,11.2305,17.2729,4.6067,21.2212,2.0000,0.4028,4.1614,-7.6294,11.2915,18.9209,4.1808,17.4793,5.0000,-0.0612,0.3631,-0.6702,0.5878,1.2579,0.3682,0.1356,2.0000,-38.8682,1.5407,-41.8359,-36.1725,5.6635,38.8987,1513.1078,0.0000,-55.4458,0.9556,-56.6235,-53.5693,3.0542,55.4540,3075.1500,0.0000,13.3580,tricep_pulldown,0
2025-04-08 10:01:10,12.1665,0.0000,12.1665,12.1665,0.0000,12.1665,148.0238,0.0000,0.1546,0.5427,-0.5044,0.8506,1.3550,0.5643,0.3184,1.0000,-0.6998,0.2251,-0.9424,-0.2886,0.6538,0.7351,0.5404,0.0000,51.3468,3.6670,47.5464,60.9131,13.3667,51.4776,2649.9448,0.0000,-2.5838,20.8654,-47.9736,31.5552,79.5288,21.0248,442.0422,6.0000,-8.9803,20.1118,-40.7715,17.5171,58.2886,22.0256,485.1289,2.0000,-4.8578,5.8132,-13.2605,5.5975,18.8580,7.5757,57.3909,2.0000,-57.7321,7.6042,-65.5939,-45.1263,20.4675,58.2307,3390.8147,0.0000,-13.4224,32.3900,-54.6790,27.5317,82.2107,35.0609,1229.2689,1.0000,13.3800,tricep_pulldown,0
2025-04-08 10:01:16,12.1665,0.0000,12.1665,12.1665,0.0000,12.1665,148.0238,0.0000,0.4542,0.4571,-0.3735,0.8936,1.2671,0.6444,0.4152,1.0000,-0.6078,0.2606,-0.9819,-0.3159,0.6660,0.6613,0.4373,0.0000,51.0620,5.3870,40.5273,59.0820,18.5547,51.3454,2636.3490,0.0000,1.3997,16.8440,-28.4424,43.4570,71.8994,16.9021,285.6806,5.0000,-12.5610,12.5703,-33.3252,5.1880,38.5132,17.7705,315.7911,3.0000,-5.2115,4.1547,-11.2061,0.1263,11.3324,6.6650,44.4218,1.0000,-54.1223,7.3245,-64.6985,-45.2472,19.4513,54.6157,2982.8730,0.0000,-30.9994,27.7143,-56.9861,19.4183,76.4044,41.5818,1729.0439,1.0000,13.3493,tricep_pulldown,0
2025-04-08 10:01:22,12.1665,0.0000,12.1665,12.1665,0.0000,12.1665,148.0238,0.0000,0.3514,0.6188,-0.8618,0.8608,1.7227,0.7116,0.5063,1.0000,-0.5865,0.2201,-0.9258,-0.3174,0.6084,0.6264,0.3924,0.0000,46.5739,2.7356,40.3442,51.5747,11.2305,46.6542,2176.6111,0.0000,1.0417,20.6459,-31.2500,47.4854,78.7354,20.6721,427.3375,6.0000,-15.4867,24.3422,-56.1523,16.9067,73.0591,28.8510,832.3789,3.0000,-7.2543,6.1897,-16.3806,0.3900,16.7706,9.5361,90.9368,1.0000,-55.8091,7.2047,-65.1874,-46.5820,18.6053,56.2722,3166.5606,0.0000,-25.6311,35.7490,-55.1019,50.0372,105.1392,43.9880,1934.9473,1.0000,13.4244,tricep_pulldown,0
2025-04-08 10:01:28,12.1665,0.0000,12.1665,12.1665,0.0000,12.1665,148.0238,0.0000,0.7308,0.2347,0.0586,0.9033,0.8447,0.7675,0.5891,0.0000,-0.4775,0.1813,-0.9292,-0.3320,0.5972,0.5107,0.2609,0.0000,47.2209,4.3712,41.5649,56.2744,14.7095,47.4228,2248.9178,0.0000,-6.6366,24.0127,-78.1860,33.5693,111.7554,24.9130,620.6560,8.0000,-5.6844,13.7185,-35.3394,16.6626,52.0020,14.8495,220.5091,7.0000,-3.8031,4.9660,-12.6562,0.5219,13.1781,6.2550,39.1252,1.0000,-50.7986,4.9003,-62.1606,-46.9336,15.2271,51.0344,2604.5088,0.0000,-48.2157,14.6784,-57.3651,-8.8165,48.5486,50.4005,2540.2083,0.0000,13.3748,tricep_pulldown,0
2025-04-08 10:01:33,12.1665,0.0000,12.1665,12.1665,0.0000,12.1665,148.0238,0.0000,0.4247,0.4703,-0.4326,0.8579,1.2905,0.6337,0.4016,1.0000,-0.6553,0.2265,-1.0396,-0.3770,0.6626,0.6933,0.4807,0.0000,47.4202,2.4420,43.8232,52.7344,8.9111,47.4831,2254.6430,0.0000,-5.1514,18.6646,-50.4150,26.7334,77.1484,19.3624,374.9038,4.0000,-8.4432,14.8216,-33.1421,16.3574,49.4995,17.0577,290.9663,3.0000,-5.3401,4.1357,-11.3434,0.5383,11.8817,6.7543,45.6205,2.0000,-57.9031,6.5141,-66.0608,-49.1528,16.9080,58.2683,3395.2001,0.0000,-29.3723,27.6988,-54.9426,22.3352,77.2778,40.3727,1629.9573,1.0000,13.3939,tricep_pulldown,0
2025-04-08 10:01:38,12.1665,0.0000,12.1665,12.1665,0.0000,12.1665,148.0238,0.0000,0.1742,0.6240,-0.7310,0.8862,1.6172,0.6479,0.4197,1.0000,-0.6521,0.2108,-0.9751,-0.3394,0.6357,0.6853,0.4696,0.0000,43.3105,5.7633,33.3862,60.0586,26.6724,43.6923,1909.0191,0.0000,-6.2256,18.7414,-57.0068,17.6392,74.6460,19.7483,389.9962,8.0000,-6.3029,20.4623,-44.9219,28.8086,73.7305,21.4110,458.4320,3.0000,-6.0355,6.1102,-13.5571,4.6967,18.2538,8.5885,73.7626,2.0000,-60.8342,7.1463,-68.0054,-49.4110,18.5944,61.2525,3751.8729,0.0000,-13.8413,36.9435,-55.7776,38.8147,94.5923,39.4513,1556.4072,1.0000,13.4217,tricep_pulldown,0
2025-04-08 10:01:44,12.1665,0.0000,12.1665,12.1665,0.0000,12.1665,148.0238,0.0000,0.2927,0.5451,-0.6821,0.8662,1.5483,0.6187,0.3828,1.0000,-0.6583,0.2243,-0.9956,-0.3228,0.6729,0.6955,0.4837,0.0000,45.5729,5.2733,36.4380,55.8472,19.4092,45.8770,2104.6986,0.0000,0.6348,16.7557,-37.1704,27.0996,64.2700,16.7678,281.1576,6.0000,-11.0392,13.6154,-29.8462,13.3667,43.2129,17.5283,307.2423,2.0000,-6.2457,3.6119,-11.0907,0.1318,11.2225,7.2149,52.0550,2.0000,-60.1941,6.8524,-69.5490,-49.9548,19.5941,60.5829,3670.2836,0.0000,-20.4064,31.7137,-54.4977,36.6669,91.1646,37.7118,1422.1768,1.0000,13.3850,tricep_pulldown,0
2025-04-08 10:01:51,12.1665,0.0000,12.1665,12.1665,0.0000,12.1665,148.0238,0.0000,0.2250,0.6298,-0.7695,0.8667,1.6362,0.6688,0.4473,1.0000,-0.6326,0.2132,-0.8989,-0.3271,0.5718,0.6675,0.4456,0.0000,43.2414,6.4341,31.8604,53.1616,21.3013,43.7174,1911.2142,0.0000,-3.7109,17.6579,-32.8979,20.3247,53.2227,18.0436,325.5715,5.0000,-10.0749,21.2538,-42.6025,33.9355,76.5381,23.5208,553.2260,5.0000,-6.4435,5.6954,-14.2438,2.6807,16.9244,8.5998,73.9561,2.0000,-60.2999,7.3334,-70.0269,-49.7900,20.2368,60.7442,3689.8605,0.0000,-17.5078,37.1777,-54.4537,42.6160,97.0697,41.0939,1688.7045,1.0000,13.4208,tricep_pulldown,0
2025-04-08 10:01:56,12.1665,0.0000,12.1665,12.1665,0.0000,12.1665,148.0238,0.0000,0.7739,0.1565,0.3525,0.8892,0.5366,0.7896,0.6234,0.0000,-0.4491,0.1606,-0.8086,-0.2227,0.5859,0.4770,0.2275,0.0000,46.1060,3.2028,38.8184,52.1851,13.3667,46.2171,2136.0171,0.0000,-1.9653,11.7607,-19.5312,32.8979,52.4292,11.9238,142.1777,5.0000,-1.7578,7.8880,-22.1558,8.7891,30.9448,8.0815,65.3103,5.0000,-2.9714,3.8229,-8.8824,0.2527,9.1351,4.8419,23.4439,2.0000,-50.2368,5.5899,-61.4905,-46.0876,15.4028,50.5469,2554.9852,0.0000,-50.9733,11.1349,-57.7826,-21.7694,36.0132,52.1753,2722.2603,0.0000,13.3895,tricep_pulldown,0
2025-04-08 10:02:07,12.1665,0.0000,12.1665,12.1665,0.0000,12.1665,148.0238,0.0000,0.3079,0.5833,-0.6997,0.8545,1.5542,0.6596,0.4350,1.0000,-0.6533,0.2175,-0.9824,-0.3525,0.6299,0.6885,0.4741,0.0000,47.1680,3.9327,42.6025,55.1147,12.5122,47.3316,2240.2833,0.0000,-6.0059,10.4662,-36.0718,4.0894,40.1611,12.0669,145.6112,5.0000,-13.6190,19.4298,-43.3960,18.6157,62.0117,23.7275,562.9919,2.0000,-6.1534,5.5482,-13.3319,0.9723,14.3042,8.2854,68.6477,3.0000,-58.4143,5.5433,-65.4620,-52.2015,13.2605,58.6767,3442.9592,0.0000,-23.2024,34.0801,-54.1241,38.2928,92.4170,41.2287,1699.8057,1.0000,13.4325,tricep_pulldown,0
2025-04-08 10:02:16,12.1665,0.0000,12.1665,12.1665,0.0000,12.1665,148.0238,0.0000,-0.0558,0.7628,-1.0254,0.8633,1.8887,0.7648,0.5849,1.0000,-0.5271,0.2260,-0.9766,-0.1870,0.7896,0.5736,0.3290,0.0000,37.5854,12.7574,16.7847,53.9551,37.1704,39.6915,1575.4161,0.0000,-9.1024,26.1944,-76.3550,27.2217,103.5767,27.7308,768.9975,8.0000,-21.0571,30.8968,-74.7681,18.7988,93.5669,37.3900,1398.0128,3.0000,-8.4276,6.3071,-16.9354,0.9503,17.8857,10.5264,110.8046,2.0000,-60.3893,3.5196,-66.0992,-54.2395,11.8597,60.4918,3659.2530,0.0000,3.4980,50.0704,-54.5197,76.5637,131.0834,50.1924,2519.2764,1.0000,13.4046,tricep_pulldown,1
2025-04-08 10:02:22,12.1665,0.0000,12.1665,12.1665,0.0000,12.1665,148.0238,0.0000,0.4596,0.6177,-1.0859,0.8857,1.9717,0.7699,0.5928,1.0000,-0.5185,0.2037,-0.9028,-0.2720,0.6309,0.5571,0.3104,0.0000,43.4774,6.1145,23.9258,50.0488,26.1230,43.9052,1927.6691,0.0000,-6.1849,15.2263,-44.3115,11.9629,56.2744,16.4345,270.0925,6.0000,-17.9321,30.0338,-84.8389,14.6484,99.4873,34.9799,1223.5917,1.0000,-7.8314,9.0519,-22.9449,0.3131,23.2581,11.9695,143.2680,1.0000,-54.9148,6.4624,-66.0443,-48.9221,17.1222,55.2937,3057.3973,0.0000,-34.5117,32.1442,-55.9314,48.6365,104.5679,47.1625,2224.3059,1.0000,13.4121,tricep_pulldown,1
2025-04-08 10:02:27,12.1665,0.0000,12.1665,12.1665,0.0000,12.1665,148.0238,0.0000,0.3300,0.7144,-1.0645,0.8501,1.9146,0.7869,0.6192,1.0000,-0.5154,0.1665,-1.0190,-0.3438,0.6753,0.5416,0.2934,0.0000,41.1743,6.9578,26.1230,49.9878,23.8647,41.7580,1743.7346,0.0000,-2.1484,17.2505,-44.1895,45.4102,89.5996,17.3837,302.1946,9.0000,-22.9655,33.3567,-93.8110,5.9204,99.7314,40.4979,1640.0819,4.0000,-8.3251,9.5552,-26.0596,0.3241,26.3837,12.6731,160.6082,5.0000,-55.9446,4.9203,-64.5007,-51.2732,13.2275,56.1605,3154.0053,0.0000,-24.6812,40.8402,-53.5034,70.2850,123.7885,47.7188,2277.0839,1.0000,13.4249,tricep_pulldown,1
2025-04-08 10:02:33,12.1665,0.0000,12.1665,12.1665,0.0000,12.1665,148.0238,0.0000,0.3358,0.6869,-0.9941,0.8848,1.8789,0.7646,0.5846,1.0000,-0.5402,0.1827,-0.8936,-0.3438,0.5498,0.5702,0.3252,0.0000,39.7583,5.6649,24.0479,49.5605,25.5127,40.1599,1612.8140,0.0000,-10.9212,26.6054,-58.4717,22.0947,80.5664,28.7597,827.1207,5.0000,-16.6056,27.5761,-73.2422,23.3765,96.6187,32.1898,1036.1863,5.0000,-8.1617,8.5157,-19.5557,0.6812,20.2368,11.7954,139.1308,1.0000,-58.7410,4.9920,-66.2860,-53.1573,13.1287,58.9527,3475.4211,0.0000,-25.9742,39.7084,-55.0964,63.9844,119.0808,47.4491,2251.4178,1.0000,13.4308,tricep_pulldown,1
2025-04-08 10:02:39,12.1665,0.0000,12.1665,12.1665,0.0000,12.1665,148.0238,0.0000,0.2706,0.7239,-1.0190,0.8701,1.8892,0.7729,0.5973,1.0000,-0.5352,0.1788,-0.8994,-0.3369,0.5625,0.5643,0.3184,0.0000,40.6942,7.9721,21.1792,50.0488,28.8696,41.4677,1719.5704,0.0000,3.5319,23.9227,-39.4287,55.1147,94.5435,24.1820,584.7678,5.0000,-15.8651,22.5513,-57.4341,11.1084,68.5425,27.5729,760.2635,2.0000,-8.5265,8.3084,-21.6321,0.4779,22.1100,11.9051,141.7308,3.0000,-58.2451,7.4559,-71.0541,-50.7843,20.2698,58.7204,3448.0847,0.0000,-21.3278,42.8220,-54.5416,70.5432,125.0848,47.8392,2288.5933,1.0000,13.4322,tricep_pulldown,1
2025-04-08 10:02:44,12.1665,0.0000,12.1665,12.1665,0.0000,12.1665,148.0238,0.0000,0.2701,0.7349,-1.0610,0.8691,1.9302,0.7830,0.6131,1.0000,-0.5110,0.1940,-0.8975,-0.2446,0.6528,0.5466,0.2987,0.0000,40.5273,8.8077,18.2495,50.5981,32.3486,41.4734,1720.0420,0.0000,-4.6672,27.2078,-60.5469,51.6357,112.1826,27.6051,762.0441,8.0000,-20.7438,28.2287,-73.5474,15.0146,88.5620,35.0309,1227.1633,4.0000,-8.4346,8.4011,-20.9729,0.5823,21.5552,11.9047,141.7211,3.0000,-57.4325,5.1526,-66.5771,-52.4103,14.1669,57.6632,3325.0403,0.0000,-21.5588,42.6520,-53.8824,71.1200,125.0024,47.7910,2283.9753,1.0000,13.4137,tricep_pulldown,1
2025-04-08 10:02:50,12.1665,0.0000,12.1665,12.1665,0.0000,12.1665,148.0238,0.0000,0.7512,0.2054,0.0806,0.8677,0.7871,0.7788,0.6065,0.0000,-0.4503,0.0780,-0.6543,-0.3462,0.3081,0.4570,0.2089,0.0000,44.4499,3.8887,39.3066,51.8799,12.5732,44.6196,1990.9129,0.0000,-8.6751,32.1852,-89.9658,32.9590,122.9248,33.3338,1111.1418,3.0000,-2.4821,5.6993,-11.7188,12.9395,24.6582,6.2163,38.6427,6.0000,-3.4420,7.7484,-25.0708,0.8020,25.8728,8.4785,71.8851,3.0000,-52.4850,2.4561,-60.1501,-50.1636,9.9866,52.5424,2760.7060,0.0000,-48.6530,9.1340,-53.3331,-18.0560,35.2771,49.5029,2450.5407,0.0000,13.3680,tricep_pulldown,1
2025-04-08 10:02:55,12.1665,0.0000,12.1665,12.1665,0.0000,12.1665,148.0238,0.0000,0.3391,0.6860,-1.0264,0.8809,1.9072,0.7653,0.5857,1.0000,-0.5186,0.1558,-0.8560,-0.3315,0.5244,0.5415,0.2932,0.0000,44.1650,6.3587,30.2124,54.6875,24.4751,44.6204,1990.9834,0.0000,-3.2267,28.7617,-45.7764,68.4814,114.2578,28.9421,837.6447,5.0000,-22.7743,28.3447,-72.5708,12.6343,85.2051,36.3605,1322.0859,5.0000,-8.0511,8.4723,-21.1597,0.9393,22.0990,11.6876,136.6010,3.0000,-55.9622,3.9146,-62.1167,-52.0203,10.0964,56.0989,3147.0871,0.0000,-26.1050,38.5718,-54.3933,63.3417,117.7350,46.5752,2169.2525,1.0000,13.4095,tricep_pulldown,1
2025-04-08 10:03:00,12.1665,0.0000,12.1665,12.1665,0.0000,12.1665,148.0238,0.0000,0.3734,0.6553,-1.0332,0.8691,1.9023,0.7542,0.5688,1.0000,-0.5508,0.1665,-0.8389,-0.3140,0.5249,0.5755,0.3312,0.0000,41.6504,6.4870,19.7144,47.2412,27.5269,42.1525,1776.8358,0.0000,3.1128,16.0523,-38.0859,31.8604,69.9463,16.3513,267.3653,5.0000,-12.1134,22.0263,-55.7251,11.7798,67.5049,25.1375,631.8914,5.0000,-7.8644,8.4940,-21.0828,0.8295,21.9122,11.5757,133.9965,2.0000,-58.9570,5.4755,-68.2031,-53.9099,14.2932,59.2107,3505.9127,0.0000,-26.1255,36.3513,-51.6302,60.0293,111.6595,44.7656,2003.9553,1.0000,13.4316,tricep_pulldown,1
2025-04-08 10:03:05,12.1665,0.0000,12.1665,12.1665,0.0000,12.1665,148.0238,0.0000,0.7638,0.2229,0.0518,0.8892,0.8374,0.7957,0.6331,0.0000,-0.3963,0.1190,-0.7559,-0.2842,0.4717,0.4137,0.1712,0.0000,45.5729,3.3373,38.0249,54.0771,16.0522,45.6949,2088.0282,0.0000,-0.6673,18.8440,-62.3169,35.1562,97.4731,18.8559,355.5432,7.0000,-2.3356,7.3247,-18.3716,15.3809,33.7524,7.6881,59.1069,4.0000,-3.7760,6.7387,-19.0118,0.4889,19.5007,7.7245,59.6678,6.0000,-49.2367,5.3103,-64.9567,-46.4722,18.4845,49.5222,2452.4512,0.0000,-50.4924,11.5959,-56.5851,-14.5844,42.0007,51.8069,2683.9509,0.0000,13.3266,tricep_pulldown,1
2025-04-08 10:03:10,12.1665,0.0000,12.1665,12.1665,0.0000,12.1665,148.0238,0.0000,0.2891,0.7015,-1.0283,0.8687,1.8970,0.7588,0.5758,1.0000,-0.5618,0.2132,-1.0308,-0.3052,0.7256,0.6009,0.3611,0.0000,40.8691,6.9897,20.3247,47.9736,27.6489,41.4625,1719.1425,0.0000,6.6935,18.6419,-21.1792,44.5557,65.7349,19.8072,392.3245,5.0000,-12.7197,19.2150,-50.7202,7.9956,58.7158,23.0436,531.0078,3.0000,-8.4613,7.6795,-18.9185,0.4285,19.3469,11.4266,130.5682,3.0000,-59.0903,6.4660,-68.4778,-50.4437,18.0341,59.4431,3533.4768,0.0000,-21.3578,41.3258,-55.5029,67.8845,123.3875,46.5185,2163.9743,1.0000,13.4364,tricep_pulldown,1
2025-04-08 10:03:16,12.1665,0.0000,12.1665,12.1665,0.0000,12.1665,148.0238,0.0000,0.5109,0.5287,-0.9009,0.8691,1.7700,0.7352,0.5406,1.0000,-0.4959,0.1588,-0.7905,-0.2920,0.4985,0.5207,0.2712,0.0000,42.8141,7.4761,19.1040,50.9644,31.8604,43.4620,1888.9417,0.0000,-1.1882,18.1731,-44.9829,27.0386,72.0215,18.2119,331.6735,2.0000,-12.1216,24.6230,-74.7681,17.5781,92.3462,27.4449,753.2251,7.0000,-6.9712,8.5565,-21.2970,0.7581,22.0551,11.0368,121.8111,1.0000,-55.7340,5.6561,-65.4730,-50.6305,14.8425,56.0203,3138.2707,0.0000,-35.6609,28.4637,-54.0033,38.2928,92.2961,45.6276,2081.8823,1.0000,13.3525,tricep_pulldown,1
2025-04-08 10:03:21,12.1665,0.0000,12.1665,12.1665,0.0000,12.1665,148.0238,0.0000,0.4041,0.6532,-1.0088,0.8975,1.9062,0.7681,0.5900,1.0000,-0.5377,0.1691,-0.9004,-0.3521,0.5483,0.5636,0.3177,0.0000,40.1082,5.4101,34.1187,53.1616,19.0430,40.4715,1637.9399,0.0000,-3.3000,21.4202,-62.3779,29.9072,92.2852,21.6729,469.7147,4.0000,-15.0960,25.6477,-62.6831,15.6250,78.3081,29.7606,885.6962,3.0000,-7.9420,8.3635,-20.1709,0.5054,20.6763,11.5336,133.0245,5.0000,-59.7235,4.0098,-65.9619,-55.1733,10.7886,59.8580,3582.9760,0.0000,-29.4020,35.9701,-55.5029,56.3654,111.8683,46.4578,2158.3238,1.0000,13.4327,tricep_pulldown,1
2025-04-08 10:03:33,12.1665,0.0000,12.1665,12.1665,0.0000,12.1665,148.0238,0.0000,0.1645,0.7416,-1.0244,0.8472,1.8716,0.7596,0.5771,1.0000,-0.5344,0.1955,-0.8628,-0.1816,0.6812,0.5690,0.3238,0.0000,40.7878,8.7075,18.4937,51.1475,32.6538,41.7069,1739.4617,0.0000,-12.1745,21.6460,-65.3076,18.0664,83.3740,24.8348,616.7685,4.0000,-17.2485,24.3172,-62.0728,20.3247,82.3975,29.8134,888.8391,2.0000,-8.5474,7.6219,-18.9899,1.1041,20.0940,11.4521,131.1509,3.0000,-58.4088,5.6549,-66.7035,-51.7072,14.9963,58.6819,3443.5670,0.0000,-12.5592,45.7581,-51.8500,76.6132,128.4631,47.4504,2251.5397,1.0000,13.4090,tricep_pulldown,1
2025-04-08 10:03:39,12.1665,0.0000,12.1665,12.1665,0.0000,12.1665,148.0238,0.0000,-0.1678,0.7978,-1.0386,0.8745,1.9131,0.8153,0.6647,1.0000,-0.4637,0.2430,-0.8145,-0.0137,0.8008,0.5235,0.2741,0.0000,35.2702,13.4704,3.2349,55.1147,51.8799,37.7550,1425.4386,0.0000,-10.4899,32.9949,-55.9082,71.7163,127.6245,34.6222,1198.6991,4.0000,-20.4915,35.0184,-89.7827,28.1982,117.9810,40.5733,1646.1929,3.0000,-7.9915,8.5217,-19.2371,5.0757,24.3127,11.6826,136.4823,2.0000,-55.4835,9.6375,-66.4618,-34.3707,32.0911,56.3143,3171.3029,0.0000,11.3771,54.1904,-51.0040,82.7765,133.7805,55.3719,3066.0427,1.0000,13.4006,tricep_pulldown,1
2025-04-08 10:03:44,12.1665,0.0000,12.1665,12.1665,0.0000,12.1665,148.0238,0.0000,0.0690,0.7827,-1.0317,0.8501,1.8818,0.7857,0.6173,1.0000,-0.5215,0.1937,-0.8701,-0.2041,0.6660,0.5563,0.3095,0.0000,39.7583,9.2293,22.5830,51.7578,29.1748,40.8155,1665.9034,0.0000,-7.9834,28.5800,-68.5425,37.5366,106.0791,29.6741,880.5513,4.0000,-17.8101,24.1057,-65.3076,7.3853,72.6929,29.9714,898.2830,2.0000,-8.7334,7.9841,-20.6488,0.3516,21.0004,11.8330,140.0188,3.0000,-57.4274,7.0862,-67.6263,-42.4512,25.1752,57.8629,3348.1165,0.0000,-6.0198,49.7857,-51.8884,81.1780,133.0664,50.1483,2514.8561,1.0000,13.4327,tricep_pulldown,1
2025-04-08 10:03:50,12.1665,0.0000,12.1665,12.1665,0.0000,12.1665,148.0238,0.0000,0.1241,0.7698,-1.0142,0.8799,1.8940,0.7797,0.6079,1.0000,-0.5431,0.2118,-0.8804,-0.1753,0.7051,0.5829,0.3398,0.0000,36.8449,9.5442,16.9067,49.3774,32.4707,38.0610,1448.6375,0.0000,2.5024,26.8163,-39.7949,68.7256,108.5205,26.9328,725.3769,4.0000,-17.9118,21.8742,-53.5278,4.3335,57.8613,28.2721,799.3142,5.0000,-8.7217,7.6799,-19.9347,0.9174,20.8521,11.6210,135.0487,1.0000,-60.6980,6.2554,-71.6473,-52.1796,19.4678,61.0195,3723.3775,0.0000,-10.5212,48.4840,-54.5856,79.0411,133.6267,49.6124,2461.3946,1.0000,13.4518,tricep_pulldown,1
2025-04-08 10:03:55,12.1665,0.0000,12.1665,12.1665,0.0000,12.1665,148.0238,0.0000,0.1391,0.7503,-1.0503,0.8413,1.8916,0.7631,0.5824,1.0000,-0.5554,0.2149,-1.0825,-0.3208,0.7617,0.5955,0.3546,0.0000,36.4868,10.9334,11.8408,47.6685,35.8276,38.0897,1450.8275,0.0000,10.9945,26.5198,-32.0435,75.5005,107.5439,28.7085,824.1793,5.0000,-12.2518,15.4897,-37.6587,7.8125,45.4712,19.7493,390.0357,3.0000,-8.5287,7.5183,-19.0942,1.2250,20.3192,11.3694,129.2637,3.0000,-61.9281,6.4149,-73.1305,-54.1077,19.0228,62.2595,3876.2404,0.0000,-9.7332,46.7399,-51.7621,79.4751,131.2372,47.7426,2279.3534,1.0000,13.4402,tricep_pulldown,1
2025-04-08 10:04:08,12.1665,0.0000,12.1665,12.1665,0.0000,12.1665,148.0238,0.0000,-0.1818,0.7712,-1.0151,0.8384,1.8535,0.7924,0.6279,1.0000,-0.5439,0.2193,-1.0352,-0.2002,0.8350,0.5865,0.3440,0.0000,31.2093,11.6657,13.9771,46.0205,32.0435,33.3183,1110.1092,0.0000,0.7406,19.8407,-43.2129,37.7808,80.9937,19.8545,394.2008,3.0000,-10.0138,17.8662,-43.8232,12.5122,56.3354,20.4812,419.4789,3.0000,-8.1248,7.4123,-19.5227,3.1036,22.6263,10.9979,120.9536,3.0000,-66.1293,5.5563,-73.9325,-57.9034,16.0291,66.3623,4403.9530,0.0000,10.9186,50.5805,-51.2347,76.0199,127.2546,51.7455,2677.5990,1.0000,13.4612,tricep_pulldown,1
2025-04-08 10:04:14,12.1665,0.0000,12.1665,12.1665,0.0000,12.1665,148.0238,0.0000,-0.4554,0.7067,-1.0718,0.8677,1.9395,0.8407,0.7068,1.0000,-0.5007,0.2210,-0.8408,-0.1377,0.7031,0.5473,0.2996,0.0000,32.1289,14.6102,8.7280,50.1709,41.4429,35.2948,1245.7242,0.0000,-1.5462,30.2303,-51.0864,72.3267,123.4131,30.2698,916.2620,7.0000,-9.9040,35.8320,-61.7065,61.9507,123.6572,37.1756,1382.0226,2.0000,-6.5299,10.6627,-18.8580,15.1996,34.0576,12.5033,156.3323,1.0000,-62.5173,4.2874,-70.0104,-55.1294,14.8810,62.6642,3926.7990,0.0000,28.5410,47.6269,-51.1688,80.2661,131.4349,55.5240,3082.9127,1.0000,13.4501,tricep_pulldown,1
2025-04-08 10:09:21,12.1665,0.0000,12.1665,12.1665,0.0000,12.1665,148.0238,0.0000,-0.9734,0.0056,-0.9805,-0.9609,0.0195,0.9734,0.9475,0.0000,-0.2062,0.0243,-0.2510,-0.1592,0.0918,0.2077,0.0431,0.0000,15.3158,0.7457,13.9160,16.6626,2.7466,15.3339,235.1284,0.0000,0.9521,3.7626,-5.1270,9.0942,14.2212,3.8812,15.0636,8.0000,-0.0651,0.7336,-2.3804,0.6714,3.0518,0.7365,0.5424,5.0000,-0.1611,0.2952,-0.9064,0.1208,1.0272,0.3363,0.1131,6.0000,-59.4701,1.3150,-61.8530,-57.5464,4.3066,59.4846,3538.4212,0.0000,76.1898,0.6063,74.9597,77.0142,2.0544,76.1922,5805.2562,0.0000,13.3462,lateral_raise,0
2025-04-08 10:09:27,12.1665,0.0000,12.1665,12.1665,0.0000,12.1665,148.0238,0.0000,-0.9654,0.0048,-0.9736,-0.9556,0.0181,0.9654,0.9320,0.0000,-0.2285,0.0132,-0.2529,-0.2031,0.0498,0.2289,0.0524,0.0000,17.2729,0.5189,16.4795,18.0054,1.5259,17.2807,298.6240,0.0000,0.1628,1.6695,-2.9907,2.9297,5.9204,1.6774,2.8138,7.0000,0.6551,0.6457,-0.4883,1.9531,2.4414,0.9199,0.8461,4.0000,0.0216,0.0809,-0.1208,0.1758,0.2966,0.0838,0.0070,5.0000,-60.0916,0.3283,-60.5457,-59.2767,1.2689,60.0924,3611.1025,0.0000,74.9769,0.2487,74.6136,75.4211,0.8075,74.9773,5621.6017,0.0000,13.3604,lateral_raise,0
2025-04-08 10:09:32,12.1665,0.0000,12.1665,12.1665,0.0000,12.1665,148.0238,0.0000,-0.9634,0.0019,-0.9663,-0.9590,0.0073,0.9634,0.9281,0.0000,-0.2423,0.0052,-0.2524,-0.2354,0.0171,0.2424,0.0587,0.0000,17.0451,0.3914,16.4185,17.7612,1.3428,17.0496,290.6881,0.0000,-0.3988,1.2803,-2.7466,1.5869,4.3335,1.3409,1.7981,5.0000,0.4232,0.5383,-0.6104,1.2207,1.8311,0.6848,0.4689,4.0000,0.0157,0.1127,-0.2307,0.2142,0.4449,0.1138,0.0130,6.0000,-61.4894,0.2332,-61.8311,-61.1389,0.6921,61.4898,3780.9982,0.0000,74.4020,0.1056,74.1632,74.5587,0.3955,74.4021,5535.6654,0.0000,13.3722,lateral_raise,0
2025-04-08 10:09:37,12.1665,0.0000,12.1665,12.1665,0.0000,12.1665,148.0238,0.0000,-0.9604,0.0032,-0.9673,-0.9570,0.0103,0.9604,0.9224,0.0000,-0.2519,0.0066,-0.2637,-0.2388,0.0249,0.2520,0.0635,0.0000,17.6758,0.3904,16.7847,18.4326,1.6479,17.6801,312.5856,0.0000,0.6063,1.1266,-1.4648,2.8076,4.2725,1.2794,1.6369,5.0000,0.4883,0.4235,-0.1831,1.2207,1.4038,0.6463,0.4177,2.0000,0.0121,0.0708,-0.1483,0.1208,0.2692,0.0719,0.0052,4.0000,-61.7655,0.3001,-62.0728,-61.1389,0.9338,61.7662,3815.0674,0.0000,73.7933,0.0883,73.6688,74.0094,0.3406,73.7934,5445.4641,0.0000,13.3788,lateral_raise,0
2025-04-08 10:09:43,12.1665,0.0000,12.1665,12.1665,0.0000,12.1665,148.0238,0.0000,-0.9578,0.0028,-0.9634,-0.9531,0.0103,0.9578,0.9174,0.0000,-0.2579,0.0078,-0.2690,-0.2446,0.0244,0.2580,0.0666,0.0000,17.9199,0.4927,17.2729,18.6157,1.3428,17.9267,321.3664,0.0000,-0.8341,1.4061,-2.9907,1.8921,4.8828,1.6349,2.6730,7.0000,0.5981,0.6724,-0.6104,1.7090,2.3193,0.8999,0.8099,6.0000,0.0121,0.0825,-0.1538,0.1154,0.2692,0.0834,0.0070,9.0000,-61.9288,0.2946,-62.5507,-61.4685,1.0822,61.9295,3835.2672,0.0000,73.5546,0.0709,73.4216,73.6853,0.2637,73.5546,5410.2791,0.0000,13.3822,lateral_raise,0
2025-04-08 10:09:49,12.1665,0.0000,12.1665,12.1665,0.0000,12.1665,148.0238,0.0000,-0.8362,0.1598,-0.9863,-0.5190,0.4673,0.8513,0.7247,0.0000,-0.2906,0.0423,-0.3740,-0.2275,0.1465,0.2936,0.0862,0.0000,54.5125,26.1914,17.1509,90.6982,73.5474,60.4781,3657.6060,0.0000,3.2918,21.9464,-26.3672,46.9360,73.3032,22.1919,492.4816,6.0000,34.1471,25.2027,-5.4932,68.4204,73.9136,42.4406,1801.2017,2.0000,-0.2461,0.6691,-1.2415,0.9613,2.2028,0.7129,0.5083,6.0000,-40.4623,19.7645,-66.2091,-14.7876,51.4215,45.0315,2027.8317,0.0000,58.5359,13.3996,35.8539,72.5427,36.6888,60.0500,3606.0005,0.0000,13.2932,lateral_raise,0
2025-04-08 10:09:54,12.1665,0.0000,12.1665,12.1665,0.0000,12.1665,148.0238,0.0000,-0.8280,0.1946,-0.9829,-0.3423,0.6406,0.8506,0.7234,0.0000,-0.2844,0.0664,-0.3418,-0.0884,0.2534,0.2920,0.0853,0.0000,54.4352,29.2427,17.7002,93.2617,75.5615,61.7926,3818.3287,0.0000,-7.5846,11.1553,-29.1748,6.0425,35.2173,13.4896,181.9685,4.0000,40.1204,29.3398,0.2441,76.0498,75.8057,49.7039,2470.4739,0.0000,-0.2926,0.8159,-1.8182,0.8954,2.7136,0.8667,0.7513,3.0000,-42.3574,21.8797,-65.8246,-10.5579,55.2667,47.6746,2272.8715,0.0000,56.6353,14.8219,26.4606,69.8346,43.3740,58.5426,3427.2413,0.0000,13.2789,lateral_raise,0
2025-04-08 10:09:59,12.1665,0.0000,12.1665,12.1665,0.0000,12.1665,148.0238,0.0000,-0.9047,0.0875,-0.9902,-0.6421,0.3481,0.9089,0.8261,0.0000,-0.2851,0.0561,-0.3853,-0.1626,0.2227,0.2905,0.0844,0.0000,42.4683,27.2787,13.4888,92.7734,79.2847,50.4745,2547.6781,0.0000,-1.4771,13.2063,-34.2407,15.5640,49.8047,13.2886,176.5879,6.0000,33.2438,31.1336,-0.9766,80.5054,81.4819,45.5461,2074.4508,2.0000,-0.4592,0.5517,-1.2964,0.5493,1.8457,0.7178,0.5152,4.0000,-48.9664,19.3429,-67.5439,-17.1167,50.4272,52.6484,2771.8590,0.0000,64.5037,9.3354,40.6000,70.8398,30.2399,65.1757,4247.8715,0.0000,13.3562,lateral_raise,0
2025-04-08 10:10:04,12.1665,0.0000,12.1665,12.1665,0.0000,12.1665,148.0238,0.0000,-0.9160,0.0965,-1.0122,-0.6455,0.3667,0.9210,0.8483,0.0000,-0.2894,0.0543,-0.4170,-0.1807,0.2363,0.2944,0.0867,0.0000,37.6953,24.3184,3.0518,78.7964,75.7446,44.8589,2012.3223,0.0000,7.7881,17.2011,-18.7378,44.5557,63.2935,18.8820,356.5311,4.0000,30.6763,29.1218,-0.7324,80.6885,81.4209,42.2979,1789.1102,2.0000,-0.3494,0.8097,-1.6095,1.3458,2.9553,0.8818,0.7777,5.0000,-52.0181,20.6694,-71.1255,-17.4078,53.7177,55.9741,3133.1034,0.0000,65.7909,8.8050,43.7750,72.0813,28.3063,66.3775,4405.9701,0.0000,13.3718,lateral_raise,0
2025-04-08 10:10:16,12.1665,0.0000,12.1665,12.1665,0.0000,12.1665,148.0238,0.0000,-0.9412,0.0555,-1.0063,-0.7661,0.2402,0.9428,0.8889,0.0000,-0.3089,0.0370,-0.4038,-0.2549,0.1489,0.3111,0.0968,0.0000,30.4810,19.5919,13.1226,67.4438,54.3213,36.2344,1312.9311,0.0000,7.9224,5.9838,-2.3193,19.4092,21.7285,9.9282,98.5699,4.0000,24.8047,29.0443,-0.4272,77.4536,77.8809,38.1948,1458.8450,2.0000,-0.3091,0.4763,-1.3458,0.3571,1.7029,0.5678,0.3224,5.0000,-57.6482,15.7117,-68.8074,-22.3352,46.4722,59.7509,3570.1728,0.0000,68.5811,5.4426,52.7893,71.6528,18.8635,68.7967,4732.9826,0.0000,13.4166,lateral_raise,0
2025-04-08 10:10:22,12.1665,0.0000,12.1665,12.1665,0.0000,12.1665,148.0238,0.0000,-0.7685,0.2814,-1.0005,-0.0522,0.9482,0.8183,0.6697,0.0000,-0.3075,0.1027,-0.4189,-0.0942,0.3247,0.3241,0.1051,0.0000,56.5470,32.9911,10.2539,98.1445,87.8906,65.4674,4285.9780,0.0000,-13.5050,25.0881,-75.6226,29.6631,105.2856,28.4921,811.8011,7.0000,49.0153,38.0602,1.2207,102.1118,100.8911,62.0570,3851.0755,0.0000,-0.5918,0.9578,-2.1533,0.9668,3.1201,1.1259,1.2676,4.0000,-43.1763,26.0146,-72.1252,-3.6145,68.5107,50.4078,2540.9494,0.0000,52.9713,19.4717,13.5571,69.2963,55.7391,56.4367,3185.1057,0.0000,13.2424,lateral_raise,1
2025-04-08 10:10:28,12.1665,0.0000,12.1665,12.1665,0.0000,12.1665,148.0238,0.0000,-0.9097,0.1182,-1.0381,-0.5278,0.5103,0.9174,0.8416,0.0000,-0.3159,0.0715,-0.4146,-0.1431,0.2715,0.3239,0.1049,0.0000,47.5464,34.7578,12.5732,116.9434,104.3701,58.8962,3468.7606,0.0000,-6.6528,22.8665,-46.4478,31.0669,77.5146,23.8146,567.1360,8.0000,43.0623,42.9852,-1.1597,113.5864,114.7461,60.8448,3702.0949,1.0000,-0.1853,0.6301,-1.4172,1.2030,2.6202,0.6568,0.4314,5.0000,-51.6090,20.6682,-71.1694,-13.1177,58.0518,55.5937,3090.6648,0.0000,62.2401,12.5766,29.2181,70.2905,41.0724,63.4981,4032.0033,0.0000,13.3921,lateral_raise,1
2025-04-08 10:10:33,12.1665,0.0000,12.1665,12.1665,0.0000,12.1665,148.0238,0.0000,-0.8665,0.2051,-1.0488,-0.2979,0.7510,0.8904,0.7928,0.0000,-0.2268,0.0937,-0.3809,0.0288,0.4097,0.2454,0.0602,2.0000,54.1748,33.7006,11.4136,104.3701,92.9565,63.8016,4070.6381,0.0000,2.9785,22.9512,-21.9116,75.8667,97.7783,23.1437,535.6297,5.0000,48.3805,42.2254,-1.6479,114.1968,115.8447,64.2158,4123.6629,2.0000,-1.0492,1.0556,-3.1421,0.8954,4.0375,1.4883,2.2150,1.0000,-40.7120,24.3195,-66.3135,-3.7408,62.5726,47.4227,2248.9088,0.0000,59.9396,16.4946,21.0223,72.2900,51.2677,62.1677,3864.8235,0.0000,13.2636,lateral_raise,1
2025-04-08 10:10:40,12.1665,0.0000,12.1665,12.1665,0.0000,12.1665,148.0238,0.0000,-0.6875,0.3604,-0.9912,0.0176,1.0088,0.7762,0.6025,1.0000,-0.1697,0.1375,-0.3486,0.0801,0.4287,0.2184,0.0477,4.0000,68.5954,30.4229,22.8271,109.1309,86.3037,75.0392,5630.8766,0.0000,-2.7059,21.0151,-36.9263,53.7720,90.6982,21.1886,448.9553,4.0000,53.7516,38.7346,2.8076,110.2905,107.4829,66.2541,4389.6064,0.0000,-1.3975,1.1959,-4.0924,0.3625,4.4550,1.8393,3.3831,4.0000,-28.4279,25.2407,-67.3297,2.4500,69.7797,38.0163,1445.2368,1.0000,47.8169,23.8430,7.7563,70.2576,62.5012,53.4317,2854.9422,0.0000,13.0458,lateral_raise,1
2025-04-08 10:10:46,12.1665,0.0000,12.1665,12.1665,0.0000,12.1665,148.0238,0.0000,-0.9683,0.0458,-1.0786,-0.9307,0.1479,0.9694,0.9398,0.0000,-0.2988,0.0574,-0.4058,-0.1406,0.2651,0.3043,0.0926,0.0000,28.9754,21.5119,14.5264,79.2847,64.7583,36.0879,1302.3369,0.0000,-0.1628,13.1708,-25.3296,21.6675,46.9971,13.1718,173.4962,6.0000,21.0002,36.8462,-1.4038,118.1641,119.5679,42.4105,1798.6474,1.0000,-0.1721,0.4067,-1.1426,0.3241,1.4667,0.4416,0.1950,8.0000,-63.2904,10.3220,-69.9829,-33.1567,36.8262,64.1266,4112.2195,0.0000,70.5183,3.6363,58.3759,72.7240,14.3481,70.6120,4986.0551,0.0000,13.4336,lateral_raise,1
2025-04-08 10:10:52,12.1665,0.0000,12.1665,12.1665,0.0000,12.1665,148.0238,0.0000,-0.8763,0.1901,-0.9849,-0.3706,0.6143,0.8967,0.8040,0.0000,-0.2686,0.0986,-0.3882,-0.0518,0.3364,0.2861,0.0819,0.0000,46.1955,29.4791,16.7847,113.4033,96.6187,54.8000,3003.0377,0.0000,-0.4069,16.5862,-35.8887,39.0015,74.8901,16.5912,275.2687,4.0000,48.0754,48.5670,-1.8921,131.2866,133.1787,68.3374,4669.9959,1.0000,-0.6354,0.9715,-3.0817,0.6537,3.7354,1.1608,1.3474,5.0000,-48.5310,20.8795,-68.3844,-9.1351,59.2493,52.8319,2791.2106,0.0000,61.8962,13.9945,24.1040,71.2793,47.1753,63.4586,4026.9911,0.0000,13.3114,lateral_raise,1
2025-04-08 10:10:58,12.1665,0.0000,12.1665,12.1665,0.0000,12.1665,148.0238,0.0000,-0.9747,0.0539,-1.1069,-0.9346,0.1724,0.9762,0.9529,0.0000,-0.2825,0.0431,-0.3359,-0.1567,0.1792,0.2858,0.0817,0.0000,31.2174,23.2271,15.1367,94.7876,79.6509,38.9105,1514.0265,0.0000,3.8167,10.6764,-13.7939,30.4565,44.2505,11.3381,128.5533,6.0000,21.2972,36.1314,-0.2441,119.8120,120.0562,41.9411,1759.0518,1.0000,-0.3798,0.8690,-2.3456,0.5383,2.8839,0.9484,0.8995,8.0000,-63.2080,11.9237,-69.1589,-26.5759,42.5830,64.3228,4137.4279,0.0000,70.8073,2.8934,61.0236,72.4988,11.4752,70.8663,5022.0384,0.0000,13.4237,lateral_raise,1
2025-04-08 10:11:04,12.1665,0.0000,12.1665,12.1665,0.0000,12.1665,148.0238,0.0000,-0.5498,0.4156,-0.9834,0.1553,1.1387,0.6892,0.4750,1.0000,-0.3641,0.1353,-0.7246,-0.2041,0.5205,0.3884,0.1509,0.0000,74.6501,30.9498,19.9585,106.2622,86.3037,80.8116,6530.5203,0.0000,3.3162,48.5261,-143.7378,78.1250,221.8628,48.6393,2365.7816,5.0000,61.1084,33.6211,7.9346,110.1685,102.2339,69.7468,4864.6147,0.0000,0.4409,1.0763,-1.0272,3.0872,4.1144,1.1631,1.3527,2.0000,-36.5383,18.5731,-66.6156,-13.1342,53.4814,40.9879,1680.0110,0.0000,37.7933,26.9878,-3.6530,67.8131,71.4661,46.4401,2156.6784,1.0000,13.1237,lateral_raise,1
2025-04-08 10:11:16,12.1665,0.0000,12.1665,12.1665,0.0000,12.1665,148.0238,0.0000,-0.5595,0.4338,-0.9873,0.1411,1.1284,0.7080,0.5012,1.0000,-0.3347,0.1256,-0.5771,-0.0952,0.4819,0.3575,0.1278,0.0000,77.2135,30.5128,23.9258,105.4688,81.5430,83.0239,6892.9598,0.0000,-6.7708,29.2904,-68.2373,37.6587,105.8960,30.0628,903.7713,6.0000,60.1522,42.2058,-26.2451,118.5303,144.7754,73.4820,5399.6108,1.0000,0.0732,1.0175,-1.4722,2.2247,3.6969,1.0201,1.0407,5.0000,-33.0524,22.6668,-72.0374,-3.7408,68.2965,40.0779,1606.2409,0.0000,37.7563,27.3582,-1.1316,68.6261,69.7577,46.6263,2174.0147,1.0000,13.1064,lateral_raise,1
2025-04-08 10:11:26,12.1665,0.0000,12.1665,12.1665,0.0000,12.1665,148.0238,0.0000,-0.6351,0.3945,-0.9683,0.1118,1.0801,0.7476,0.5590,1.0000,-0.2376,0.1317,-0.4082,0.0410,0.4492,0.2717,0.0738,2.0000,71.8099,30.1704,22.5830,109.6802,87.0972,77.8904,6066.9154,0.0000,-15.0309,28.5717,-75.3784,42.6636,118.0420,32.2842,1042.2712,7.0000,56.7017,33.6493,5.6763,102.3560,96.6797,65.9345,4347.3564,0.0000,-0.4801,0.6868,-1.4282,0.9833,2.4115,0.8380,0.7022,4.0000,-30.5618,23.2681,-68.9502,-1.9775,66.9727,38.4112,1475.4241,0.0000,42.5068,25.5113,0.8459,69.2798,68.4338,49.5748,2457.6590,0.0000,13.0670,lateral_raise,1
2025-04-08 10:14:38,12.1665,0.0000,12.1665,12.1665,0.0000,12.1665,148.0238,0.0000,-0.9696,0.0071,-0.9790,-0.9521,0.0269,0.9696,0.9401,0.0000,-0.1314,0.0081,-0.1411,-0.1128,0.0283,0.1317,0.0173,0.0000,28.4993,0.8015,27.0386,29.9072,2.8687,28.5106,812.8554,0.0000,0.2116,2.1328,-4.4556,3.1738,7.6294,2.1433,4.5935,5.0000,0.2767,1.0489,-1.0986,2.5635,3.6621,1.0848,1.1767,4.0000,0.0004,0.0740,-0.0989,0.1703,0.2692,0.0740,0.0055,7.0000,-34.6952,0.7548,-35.8704,-33.2941,2.5763,34.7034,1204.3259,0.0000,72.9155,0.5893,71.7572,73.5260,1.7688,72.9179,5317.0214,0.0000,13.2675,front_raise,0
2025-04-08 10:14:43,12.1665,0.0000,12.1665,12.1665,0.0000,12.1665,148.0238,0.0000,-0.9612,0.0042,-0.9663,-0.9507,0.0156,0.9612,0.9239,0.0000,-0.1565,0.0094,-0.1729,-0.1411,0.0317,0.1568,0.0246,0.0000,31.2948,0.6302,30.3345,32.4097,2.0752,31.3011,979.7590,0.0000,-0.3662,1.4232,-2.9907,2.2583,5.2490,1.4696,2.1597,4.0000,0.2726,0.9714,-1.2817,2.6855,3.9673,1.0090,1.0180,7.0000,-0.0092,0.1127,-0.2142,0.2692,0.4834,0.1131,0.0128,8.0000,-32.1456,0.4222,-32.6733,-31.2231,1.4502,32.1484,1033.5197,0.0000,73.5337,0.1253,73.2404,73.7512,0.5109,73.5338,5407.2195,0.0000,13.2841,front_raise,0
2025-04-08 10:14:55,12.1665,0.0000,12.1665,12.1665,0.0000,12.1665,148.0238,0.0000,-0.9554,0.0049,-0.9648,-0.9438,0.0210,0.9554,0.9128,0.0000,-0.1791,0.0061,-0.1934,-0.1665,0.0269,0.1792,0.0321,0.0000,32.1208,0.3658,31.6162,33.1421,1.5259,32.1229,1031.8776,0.0000,0.4598,1.1125,-1.8921,2.0142,3.9062,1.2038,1.4491,8.0000,0.4801,0.6156,-0.6714,1.5259,2.1973,0.7807,0.6095,7.0000,0.0311,0.0793,-0.0989,0.1483,0.2472,0.0852,0.0073,4.0000,-35.0629,0.2251,-35.4749,-34.6619,0.8130,35.0636,1229.4553,0.0000,72.5533,0.0904,72.3834,72.7460,0.3625,72.5534,5263.9960,0.0000,13.3010,front_raise,0
2025-04-08 10:15:01,12.1665,0.0000,12.1665,12.1665,0.0000,12.1665,148.0238,0.0000,-0.9489,0.0074,-0.9634,-0.9375,0.0259,0.9490,0.9005,0.0000,-0.1867,0.0121,-0.2017,-0.1538,0.0479,0.1870,0.0350,0.0000,35.0016,1.0456,32.5928,36.9873,4.3945,35.0172,1226.2071,0.0000,-0.9237,1.4929,-5.3101,2.3804,7.6904,1.7555,3.0818,1.0000,0.9521,2.1310,-2.6245,7.2632,9.8877,2.3341,5.4479,5.0000,0.0026,0.1775,-0.2856,0.4889,0.7745,0.1775,0.0315,6.0000,-33.7749,1.2264,-34.8322,-30.5365,4.2957,33.7972,1142.2480,0.0000,71.1064,0.1389,70.9058,71.3013,0.3955,71.1066,5056.1459,0.0000,13.3021,front_raise,0
2025-04-08 10:15:08,12.1665,0.0000,12.1665,12.1665,0.0000,12.1665,148.0238,0.0000,-0.9432,0.0019,-0.9478,-0.9404,0.0073,0.9432,0.8896,0.0000,-0.2103,0.0028,-0.2153,-0.2065,0.0088,0.2103,0.0442,0.0000,34.9691,0.4926,33.9966,35.7666,1.7700,34.9725,1223.0789,0.0000,0.2401,0.5788,-1.0986,1.2817,2.3804,0.6266,0.3926,5.0000,0.5778,0.5436,-0.3052,1.6479,1.9531,0.7933,0.6293,1.0000,0.0022,0.0295,-0.0439,0.0604,0.1044,0.0296,0.0009,6.0000,-36.7192,0.3579,-37.5238,-36.2714,1.2524,36.7210,1348.4305,0.0000,70.3121,0.0473,70.2301,70.4114,0.1813,70.3121,4943.7984,0.0000,13.3200,front_raise,0
2025-04-08 10:15:16,12.1665,0.0000,12.1665,12.1665,0.0000,12.1665,148.0238,0.0000,-0.9250,0.0550,-0.9727,-0.7656,0.2070,0.9266,0.8586,0.0000,-0.1893,0.0305,-0.2578,-0.1499,0.1079,0.1917,0.0367,0.0000,45.1416,15.0168,29.3579,74.4019,45.0439,47.5738,2263.2678,0.0000,-2.7954,7.0165,-15.1367,10.3760,25.5127,7.5528,57.0454,4.0000,16.6300,17.1473,-3.0518,42.8467,45.8984,23.8870,570.5881,2.0000,0.4373,0.6656,-0.2032,1.7578,1.9611,0.7964,0.6342,2.0000,-28.7699,5.7956,-34.6783,-21.0223,13.6560,29.3478,861.2961,0.0000,67.5011,6.9857,51.0095,73.1580,22.1484,67.8616,4605.1989,0.0000,13.2808,front_raise,0
2025-04-08 10:15:23,12.1665,0.0000,12.1665,12.1665,0.0000,12.1665,148.0238,0.0000,-0.9302,0.1273,-1.1074,-0.6187,0.4888,0.9388,0.8814,0.0000,-0.1442,0.0592,-0.2539,-0.0278,0.2261,0.1559,0.0243,0.0000,46.6064,28.0865,-5.6152,95.4590,101.0742,54.4152,2961.0132,2.0000,1.6805,21.0146,-54.6265,32.5928,87.2192,21.0817,444.4373,6.0000,29.1748,36.6354,-30.3955,82.5195,112.9150,46.8330,2193.3253,3.0000,0.5709,1.2793,-1.2689,2.6697,3.9386,1.4009,1.9625,2.0000,-21.7830,7.3045,-35.3046,-13.5791,21.7255,22.9750,527.8527,0.0000,68.1357,12.2816,38.1775,78.1128,39.9353,69.2338,4793.3175,0.0000,13.2409,front_raise,0
2025-04-08 10:15:31,12.1665,0.0000,12.1665,12.1665,0.0000,12.1665,148.0238,0.0000,-0.7716,0.2148,-0.9517,-0.3008,0.6509,0.8009,0.6415,0.0000,-0.1792,0.0305,-0.2207,-0.1216,0.0991,0.1818,0.0330,0.0000,73.0265,22.1476,44.2505,107.7271,63.4766,76.3111,5823.3899,0.0000,-15.7796,5.7787,-24.2310,-6.1646,18.0664,16.8044,282.3894,0.0000,31.9173,25.2084,-6.2256,68.7866,75.0122,40.6716,1654.1799,1.0000,0.7035,0.6397,-0.2637,1.6425,1.9061,0.9508,0.9041,3.0000,-18.7511,6.3823,-27.9382,-8.7891,19.1492,19.8075,392.3379,0.0000,52.2155,16.2958,22.3627,67.7856,45.4230,54.6992,2992.0068,0.0000,13.1173,front_raise,0
2025-04-08 10:15:36,12.1665,0.0000,12.1665,12.1665,0.0000,12.1665,148.0238,0.0000,-0.7782,0.2074,-0.9688,-0.3252,0.6436,0.8054,0.6487,0.0000,-0.1952,0.0397,-0.2886,-0.1333,0.1553,0.1992,0.0397,0.0000,73.3480,27.1921,36.3159,115.4175,79.1016,78.2262,6119.3357,0.0000,-13.1999,5.9738,-24.9023,-3.8452,21.0571,14.4887,209.9226,0.0000,37.2965,20.2368,0.6104,64.8804,64.2700,42.4330,1800.5624,0.0000,0.9031,0.5929,-0.3406,1.9336,2.2742,1.0803,1.1670,1.0000,-19.0031,5.0165,-27.7185,-11.2170,16.5015,19.6540,386.2808,0.0000,52.7007,16.7894,19.9786,71.2463,51.2677,55.3105,3059.2476,0.0000,13.1400,front_raise,0
2025-04-08 10:15:50,12.1665,0.0000,12.1665,12.1665,0.0000,12.1665,148.0238,0.0000,-0.9391,0.0756,-0.9980,-0.7427,0.2554,0.9421,0.8876,0.0000,-0.1557,0.0381,-0.2725,-0.0981,0.1743,0.1603,0.0257,0.0000,43.3268,19.3283,25.0244,82.2144,57.1899,47.4426,2250.7985,0.0000,-0.6388,18.6174,-34.4849,55.4199,89.9048,18.6284,347.0165,5.0000,23.1364,26.0704,-3.9062,72.2046,76.1108,34.8562,1214.9577,1.0000,0.7767,1.3515,-0.4120,3.7628,4.1748,1.5588,2.4299,3.0000,-25.8040,5.8493,-32.5415,-17.2595,15.2820,26.4586,700.0589,0.0000,69.4779,9.9212,45.1703,76.7505,31.5802,70.1827,4925.6089,0.0000,13.2613,front_raise,0
2025-04-08 10:15:58,12.1665,0.0000,12.1665,12.1665,0.0000,12.1665,148.0238,0.0000,-0.6630,0.2773,-0.9951,-0.1792,0.8159,0.7187,0.5165,0.0000,-0.0965,0.0737,-0.2910,0.0371,0.3281,0.1214,0.0147,4.0000,86.9263,27.3864,42.4194,139.4653,97.0459,91.1383,8306.1931,0.0000,-8.6060,12.7478,-46.1426,4.4556,50.5981,15.3808,236.5691,3.0000,45.7479,17.1024,5.8594,68.1763,62.3169,48.8401,2385.3603,0.0000,0.7625,1.0381,-2.3126,1.8567,4.1693,1.2880,1.6589,2.0000,-9.5134,2.1757,-12.4365,-5.6854,6.7511,9.7590,95.2388,0.0000,43.6443,20.8099,12.1783,74.1687,61.9904,48.3516,2337.8751,0.0000,12.9328,front_raise,1
2025-04-08 10:16:05,12.1665,0.0000,12.1665,12.1665,0.0000,12.1665,148.0238,0.0000,-0.6749,0.3381,-1.0015,-0.0234,0.9780,0.7548,0.5698,0.0000,-0.1156,0.0716,-0.2788,0.0020,0.2808,0.1360,0.0185,2.0000,80.0822,29.8653,31.7993,115.1733,83.3740,85.4699,7305.0953,0.0000,-14.1276,23.3193,-55.7861,33.8745,89.6606,27.2650,743.3782,5.0000,49.7233,23.1950,9.7046,89.2334,79.5288,54.8672,3010.4140,0.0000,0.8708,0.6796,-0.1483,2.3566,2.5049,1.1046,1.2202,2.0000,-9.8844,5.3426,-20.6433,-4.1254,16.5179,11.2359,126.2451,0.0000,45.8177,24.3696,6.0260,75.9595,69.9335,51.8955,2693.1433,0.0000,12.9573,front_raise,1
2025-04-08 10:16:12,12.1665,0.0000,12.1665,12.1665,0.0000,12.1665,148.0238,0.0000,-0.9986,0.0211,-1.0454,-0.9692,0.0762,0.9988,0.9976,0.0000,-0.0406,0.0665,-0.1206,0.1704,0.2910,0.0779,0.0061,3.0000,38.9689,20.9414,19.1650,91.7969,72.6318,44.2393,1957.1188,0.0000,-8.9681,14.8066,-47.0581,20.3247,67.3828,17.3108,299.6633,4.0000,23.0998,37.2617,-9.3384,111.7554,121.0938,43.8410,1922.0340,1.0000,0.2648,0.6719,-0.6757,1.9666,2.6422,0.7222,0.5216,4.0000,-8.2643,4.1536,-13.7054,-2.1808,11.5247,9.2493,85.5505,0.0000,73.9266,8.1979,50.4877,79.6069,29.1193,74.3798,5532.3523,0.0000,13.2290,front_raise,1
2025-04-08 10:16:18,12.1665,0.0000,12.1665,12.1665,0.0000,12.1665,148.0238,0.0000,-0.7066,0.3310,-1.0542,-0.0811,0.9731,0.7803,0.6088,0.0000,-0.0810,0.0688,-0.2212,0.0317,0.2529,0.1062,0.0113,4.0000,76.4486,29.7354,27.9541,108.5815,80.6274,82.0279,6728.5751,0.0000,-9.5581,16.3711,-40.2832,29.2969,69.5801,18.9571,359.3706,6.0000,49.2391,30.5577,-3.2349,84.2285,87.4634,57.9505,3358.2595,1.0000,0.8676,0.9591,-0.6866,2.3236,3.0103,1.2932,1.6725,3.0000,-4.1539,3.9229,-7.6190,4.6527,12.2717,5.7135,32.6446,2.0000,49.3923,25.4108,8.3496,78.0029,69.6533,55.5456,3085.3100,0.0000,12.9604,front_raise,1
2025-04-08 10:16:24,12.1665,0.0000,12.1665,12.1665,0.0000,12.1665,148.0238,0.0000,-0.7830,0.2837,-1.0161,-0.1216,0.8945,0.8328,0.6936,0.0000,-0.1240,0.0354,-0.1787,-0.0439,0.1348,0.1289,0.0166,0.0000,69.5312,31.2389,26.6724,111.2671,84.5947,76.2264,5810.4609,0.0000,-8.5449,16.2632,-36.6821,18.2495,54.9316,18.3713,337.5063,7.0000,48.4172,35.2085,-12.9395,93.5059,106.4453,59.8653,3583.8592,2.0000,0.7332,0.8460,-1.4886,1.8677,3.3563,1.1195,1.2533,5.0000,-13.7373,6.6471,-24.9884,-6.0425,18.9459,15.2610,232.8969,0.0000,53.8499,22.7772,8.7781,76.3605,67.5824,58.4689,3418.6090,0.0000,13.0735,front_raise,1
2025-04-08 10:16:30,12.1665,0.0000,12.1665,12.1665,0.0000,12.1665,148.0238,0.0000,-0.8419,0.2560,-1.0396,-0.2124,0.8271,0.8800,0.7744,0.0000,-0.0708,0.0518,-0.1367,0.0435,0.1802,0.0877,0.0077,3.0000,60.2173,33.2742,22.3389,112.6709,90.3320,68.7989,4733.2915,0.0000,-8.6344,10.6873,-24.0479,9.7046,33.7524,13.7394,188.7724,6.0000,48.4253,39.2053,-7.1411,97.4121,104.5532,62.3062,3882.0667,2.0000,0.6639,0.7656,-0.5219,1.9336,2.4554,1.0134,1.0270,2.0000,-9.8760,4.3469,-18.1165,-3.5925,14.5239,10.7903,116.4302,0.0000,59.8165,22.9478,13.6835,80.4034,66.7200,64.0673,4104.6205,0.0000,13.0874,front_raise,1
2025-04-08 10:16:36,12.1665,0.0000,12.1665,12.1665,0.0000,12.1665,148.0238,0.0000,-0.9626,0.0459,-1.0210,-0.8140,0.2070,0.9637,0.9286,0.0000,-0.1625,0.0553,-0.2896,-0.1011,0.1885,0.1716,0.0295,0.0000,46.5535,23.2324,27.4048,103.8818,76.4771,52.0286,2706.9750,0.0000,-9.3099,16.5559,-51.5747,14.2212,65.7959,18.9940,360.7705,7.0000,24.3937,35.3634,-5.9204,106.6895,112.6099,42.9607,1845.6258,3.0000,0.5793,1.0401,-0.5878,3.6694,4.2572,1.1905,1.4174,4.0000,-21.1201,5.3631,-27.3175,-10.0745,17.2430,21.7904,474.8221,0.0000,70.0444,8.9380,45.4669,76.0638,30.5969,70.6124,4986.1107,0.0000,13.2916,front_raise,1
2025-04-08 10:16:43,12.1665,0.0000,12.1665,12.1665,0.0000,12.1665,148.0238,0.0000,-0.6642,0.3504,-0.9883,0.0488,1.0371,0.7510,0.5639,1.0000,-0.1292,0.0319,-0.1792,-0.0620,0.1172,0.1331,0.0177,0.0000,81.8522,27.7141,36.6211,116.8823,80.2612,86.4167,7467.8535,0.0000,-4.9235,8.4414,-19.7754,8.7891,28.5645,9.7723,95.4976,10.0000,51.9084,27.1444,2.8076,88.8672,86.0596,58.5773,3431.2976,0.0000,0.8112,0.6730,0.0220,2.2742,2.2522,1.0540,1.1109,0.0000,-12.6354,4.4047,-19.3634,-6.6467,12.7167,13.3811,179.0540,0.0000,44.9908,24.8834,2.3401,73.2843,70.9442,51.4136,2643.3619,0.0000,12.9664,front_raise,1
2025-04-08 10:16:51,12.1665,0.0000,12.1665,12.1665,0.0000,12.1665,148.0238,0.0000,-0.7376,0.3661,-1.0156,0.0117,1.0273,0.8234,0.6781,1.0000,-0.0905,0.0892,-0.2983,0.0239,0.3223,0.1271,0.0162,6.0000,70.8415,32.0289,27.4658,122.9248,95.4590,77.7455,6044.3635,0.0000,-13.3219,12.1185,-27.5269,8.8501,36.3770,18.0092,324.3322,6.0000,51.1230,43.7536,-9.9487,119.2017,129.1504,67.2900,4527.9418,1.0000,0.9910,1.4058,-0.6647,4.3726,5.0372,1.7200,2.9583,2.0000,-4.7703,3.5499,-10.5359,2.0819,12.6178,5.9462,35.3569,2.0000,51.3267,27.3259,3.2135,77.7557,74.5422,58.1475,3381.1298,0.0000,13.0020,front_raise,1
2025-04-08 10:16:58,12.1665,0.0000,12.1665,12.1665,0.0000,12.1665,148.0238,0.0000,-0.9577,0.1304,-1.0874,-0.5396,0.5479,0.9666,0.9342,0.0000,-0.1025,0.0794,-0.2388,0.0703,0.3091,0.1297,0.0168,3.0000,48.1201,30.7473,21.1792,111.0840,89.9048,57.1047,3260.9433,0.0000,-16.6016,14.9396,-62.1338,0.4883,62.6221,22.3339,498.8040,2.0000,40.5355,53.3270,-8.4839,124.3286,132.8125,66.9842,4486.8891,0.0000,0.5753,0.8817,-0.4449,2.2412,2.6862,1.0528,1.1084,3.0000,-13.0096,5.5403,-20.6927,-2.6147,18.0780,14.1402,199.9463,0.0000,70.1334,16.3742,27.7625,82.1008,54.3384,72.0195,5186.8111,0.0000,13.2430,front_raise,1
